reason,object_type,object_kind,object_status,card_id,card_full_name,card_type,set_code,collector_number,ability_id,ability_kind,ability_name,ability_status
mapped_not_executable,ability,static,mapped_not_executable,Z2D,Tamatoa - So Shiny!,character,001,159,sj3-2,static,GLAM,mapped_not_executable
unsupported_engine_mechanic,ability,action,unsupported_engine_mechanic,mkJ,Steal from the Rich,action,001,97,ability,action,,unsupported_engine_mechanic
unsupported_engine_mechanic,effect,create-triggered-ability,unsupported_engine_mechanic,mkJ,Steal from the Rich,action,001,97,ability,action,,unsupported_engine_mechanic
mapped_not_executable,ability,replacement,mapped_not_executable,sLs,Beast - Selfless Protector,character,002,172,sLs-1,replacement,SHIELD ANOTHER,mapped_not_executable
mapped_not_executable,ability,static,mapped_not_executable,xGr,Cogsworth - Talking Clock,character,002,143,y7r-1,static,WAIT A MINUTE,mapped_not_executable
mapped_not_executable,ability,static,mapped_not_executable,2q9,Donald Duck - Not Again!,character,002,106,1mm-2,static,PHOOEY!,mapped_not_executable
unsupported_choice,ability,triggered,unsupported_choice,fS0,Donald Duck - Perfect Gentleman,character,002,77,wjj-3,triggered,ALLOW ME,unsupported_choice
unsupported_choice,effect,optional,unsupported_choice,fS0,Donald Duck - Perfect Gentleman,character,002,77,wjj-3,triggered,ALLOW ME,unsupported_choice
unsupported_choice,ability,triggered,unsupported_choice,h4L,Lady Tremaine - Imperious Queen,character,002,110,2qj-2,triggered,POWER TO RULE AT LAST,unsupported_choice
unsupported_choice,effect,for-each-opponent,unsupported_choice,h4L,Lady Tremaine - Imperious Queen,character,002,110,2qj-2,triggered,POWER TO RULE AT LAST,unsupported_choice
unsupported_choice,ability,triggered,unsupported_choice,SlK,Lady Tremaine - Imperious Queen,character,002,211,2qj-2,triggered,POWER TO RULE AT LAST,unsupported_choice
unsupported_choice,effect,for-each-opponent,unsupported_choice,SlK,Lady Tremaine - Imperious Queen,character,002,211,2qj-2,triggered,POWER TO RULE AT LAST,unsupported_choice
unsupported_engine_mechanic,ability,triggered,unsupported_engine_mechanic,B8N,Lady Tremaine - Overbearing Matriarch,character,002,111,r0v-1,triggered,NOT FOR YOU,unsupported_engine_mechanic
unsupported_engine_mechanic,effect,for-each-opponent,unsupported_engine_mechanic,B8N,Lady Tremaine - Overbearing Matriarch,character,002,111,r0v-1,triggered,NOT FOR YOU,unsupported_engine_mechanic
unsupported_choice,ability,triggered,unsupported_choice,NN3,Lucifer - Cunning Cat,character,002,85,oq4-1,triggered,MOUSE CATCHER,unsupported_choice
unsupported_choice,effect,choice,unsupported_choice,NN3,Lucifer - Cunning Cat,character,002,85,oq4-1,triggered,MOUSE CATCHER,unsupported_choice
unsupported_engine_mechanic,ability,static,unsupported_engine_mechanic,5YN,Mother Gothel - Withered and Wicked,character,002,116,6fh-1,static,WHAT HAVE YOU DONE?!,unsupported_engine_mechanic
unsupported_engine_mechanic,effect,enters-with-damage,unsupported_engine_mechanic,5YN,Mother Gothel - Withered and Wicked,character,002,116,6fh-1,static,WHAT HAVE YOU DONE?!,unsupported_engine_mechanic
mapped_not_executable,ability,static,mapped_not_executable,EAX,Namaari - Morning Mist,character,002,189,1dg-2,static,BLADES,mapped_not_executable
mapped_not_executable,ability,static,mapped_not_executable,2qq,Namaari - Morning Mist,character,002,216,1dg-2,static,BLADES,mapped_not_executable
unsupported_cost,ability,activated,unsupported_cost,zX1,The Queen - Disguised Peddler,character,002,93,j1t-1,activated,A PERFECT DISGUISE,unsupported_cost
unsupported_cost,cost,discardCardType,unsupported_cost,zX1,The Queen - Disguised Peddler,character,002,93,j1t-1,activated,A PERFECT DISGUISE,unsupported_cost
unsupported_choice,ability,action,unsupported_choice,kL9,Falling Down the Rabbit Hole,action,002,162,ability,action,,unsupported_choice
unsupported_choice,effect,sequence,unsupported_choice,kL9,Falling Down the Rabbit Hole,action,002,162,ability,action,,unsupported_choice
unsupported_cost,ability,activated,unsupported_cost,DNe,Binding Contract,item,002,65,1ri-1,activated,FOR ALL ETERNITY,unsupported_cost
unsupported_cost,cost,exertCharacters,unsupported_cost,DNe,Binding Contract,item,002,65,1ri-1,activated,FOR ALL ETERNITY,unsupported_cost
unsupported_engine_mechanic,ability,static,unsupported_engine_mechanic,ICh,Captain Hook - Master Swordsman,character,003,105,gip-2,static,MAN-TO-MAN,unsupported_engine_mechanic
unsupported_engine_mechanic,effect,lose-keyword,unsupported_engine_mechanic,ICh,Captain Hook - Master Swordsman,character,003,105,gip-2,static,MAN-TO-MAN,unsupported_engine_mechanic
unsupported_engine_mechanic,ability,static,unsupported_engine_mechanic,mkt,Captain Hook - Master Swordsman,character,003,214,gip-2,static,MAN-TO-MAN,unsupported_engine_mechanic
unsupported_engine_mechanic,effect,lose-keyword,unsupported_engine_mechanic,mkt,Captain Hook - Master Swordsman,character,003,214,gip-2,static,MAN-TO-MAN,unsupported_engine_mechanic
unsupported_targeting,ability,triggered,unsupported_targeting,29m,Friar Tuck - Priest of Nottingham,character,003,73,f7m-1,triggered,YOU THIEVING SCOUNDREL,unsupported_targeting
unsupported_targeting,effect,discard,unsupported_targeting,29m,Friar Tuck - Priest of Nottingham,character,003,73,f7m-1,triggered,YOU THIEVING SCOUNDREL,unsupported_targeting
unsupported_targeting,target,selector,unsupported_targeting,29m,Friar Tuck - Priest of Nottingham,character,003,73,f7m-1,triggered,YOU THIEVING SCOUNDREL,unsupported_targeting
unsupported_engine_mechanic,ability,triggered,unsupported_engine_mechanic,IYc,Maui - Soaring Demigod,character,003,113,q08-2,triggered,IN MA BELLY,unsupported_engine_mechanic
unsupported_engine_mechanic,effect,sequence,unsupported_engine_mechanic,IYc,Maui - Soaring Demigod,character,003,113,q08-2,triggered,IN MA BELLY,unsupported_engine_mechanic
unsupported_engine_mechanic,effect,lose-keyword,unsupported_engine_mechanic,IYc,Maui - Soaring Demigod,character,003,113,q08-2,triggered,IN MA BELLY,unsupported_engine_mechanic
unsupported_targeting,ability,triggered,unsupported_targeting,xR2,Moana - Born Leader,character,003,116,cku-2,triggered,WELCOME TO MY BOAT,unsupported_targeting
unsupported_targeting,effect,ready,unsupported_targeting,xR2,Moana - Born Leader,character,003,116,cku-2,triggered,WELCOME TO MY BOAT,unsupported_targeting
unsupported_targeting,target,selector,unsupported_targeting,xR2,Moana - Born Leader,character,003,116,cku-2,triggered,WELCOME TO MY BOAT,unsupported_targeting
mapped_not_executable,ability,static,mapped_not_executable,f1i,Morph - Space Goo,character,003,81,vo5-1,static,MIMICRY,mapped_not_executable
mapped_not_executable,ability,static,mapped_not_executable,UdW,Morph - Space Goo,character,003,211,vo5-1,static,MIMICRY,mapped_not_executable
unsupported_engine_mechanic,ability,triggered,unsupported_engine_mechanic,UGT,Prince John - Phony King,character,003,83,m61-1,triggered,COLLECT TAXES,unsupported_engine_mechanic
unsupported_engine_mechanic,effect,for-each-opponent,unsupported_engine_mechanic,UGT,Prince John - Phony King,character,003,83,m61-1,triggered,COLLECT TAXES,unsupported_engine_mechanic
mapped_not_executable,ability,static,mapped_not_executable,pa7,Slightly - Lost Boy,character,003,124,1pb-1,static,THE FOX,mapped_not_executable
mapped_not_executable,ability,static,mapped_not_executable,gsz,Treasure Guardian - Protector of the Cave,character,003,58,1bw-2,static,WHO DISTURBS MY SLUMBER?,mapped_not_executable
unsupported_engine_mechanic,ability,action,unsupported_engine_mechanic,V75,99 Puppies,action,003,24,ability,action,,unsupported_engine_mechanic
unsupported_engine_mechanic,effect,create-triggered-ability,unsupported_engine_mechanic,V75,99 Puppies,action,003,24,ability,action,,unsupported_engine_mechanic
unsupported_targeting,ability,action,unsupported_targeting,DXq,And Then Along Came Zeus,action,003,195,ability,action,,unsupported_targeting
unsupported_targeting,effect,deal-damage,unsupported_targeting,DXq,And Then Along Came Zeus,action,003,195,ability,action,,unsupported_targeting
unsupported_targeting,target,alias,unsupported_targeting,DXq,And Then Along Came Zeus,action,003,195,ability,action,,unsupported_targeting
unsupported_targeting,ability,action,unsupported_targeting,8f3,And Then Along Came Zeus,action,003,222,ability,action,,unsupported_targeting
unsupported_targeting,effect,deal-damage,unsupported_targeting,8f3,And Then Along Came Zeus,action,003,222,ability,action,,unsupported_targeting
unsupported_targeting,target,alias,unsupported_targeting,8f3,And Then Along Came Zeus,action,003,222,ability,action,,unsupported_targeting
unsupported_targeting,ability,action,unsupported_targeting,GSJ,Ba-Boom!,action,003,196,ability,action,,unsupported_targeting
unsupported_targeting,effect,deal-damage,unsupported_targeting,GSJ,Ba-Boom!,action,003,196,ability,action,,unsupported_targeting
unsupported_targeting,target,alias,unsupported_targeting,GSJ,Ba-Boom!,action,003,196,ability,action,,unsupported_targeting
unsupported_targeting,ability,action,unsupported_targeting,uvL,Rise of the Titans,action,003,198,ability,action,,unsupported_targeting
unsupported_targeting,effect,banish,unsupported_targeting,uvL,Rise of the Titans,action,003,198,ability,action,,unsupported_targeting
unsupported_targeting,target,alias,unsupported_targeting,uvL,Rise of the Titans,action,003,198,ability,action,,unsupported_targeting
unsupported_engine_mechanic,ability,static,unsupported_engine_mechanic,Bf0,Map of Treasure Planet,item,003,201,7x0-2,static,SHOW THE WAY,unsupported_engine_mechanic
unsupported_engine_mechanic,effect,move-cost-reduction,unsupported_engine_mechanic,Bf0,Map of Treasure Planet,item,003,201,7x0-2,static,SHOW THE WAY,unsupported_engine_mechanic
unsupported_targeting,ability,triggered,unsupported_targeting,Ezk,Robin's Bow,item,003,98,1mp-2,triggered,A BIT OF A LARK,unsupported_targeting
unsupported_targeting,effect,optional,unsupported_targeting,Ezk,Robin's Bow,item,003,98,1mp-2,triggered,A BIT OF A LARK,unsupported_targeting
unsupported_targeting,effect,ready,unsupported_targeting,Ezk,Robin's Bow,item,003,98,1mp-2,triggered,A BIT OF A LARK,unsupported_targeting
unsupported_targeting,target,alias,unsupported_targeting,Ezk,Robin's Bow,item,003,98,1mp-2,triggered,A BIT OF A LARK,unsupported_targeting
unsupported_choice,ability,activated,unsupported_choice,geu,The Sorcerer's Hat,item,003,65,geu-1,activated,INCREDIBLE ENERGY,unsupported_choice
unsupported_choice,effect,sequence,unsupported_choice,geu,The Sorcerer's Hat,item,003,65,geu-1,activated,INCREDIBLE ENERGY,unsupported_choice
unsupported_choice,effect,name-a-card,unsupported_choice,geu,The Sorcerer's Hat,item,003,65,geu-1,activated,INCREDIBLE ENERGY,unsupported_choice
unsupported_choice,ability,activated,unsupported_choice,mE1,The Sorcerer's Hat,item,003,210,geu-1,activated,INCREDIBLE ENERGY,unsupported_choice
unsupported_choice,effect,sequence,unsupported_choice,mE1,The Sorcerer's Hat,item,003,210,geu-1,activated,INCREDIBLE ENERGY,unsupported_choice
unsupported_choice,effect,name-a-card,unsupported_choice,mE1,The Sorcerer's Hat,item,003,210,geu-1,activated,INCREDIBLE ENERGY,unsupported_choice
unsupported_engine_mechanic,ability,static,unsupported_engine_mechanic,UV5,Jolly Roger - Hook's Ship,location,003,135,UV5-2,static,ALL HANDS ON DECK!,unsupported_engine_mechanic
unsupported_engine_mechanic,effect,move-cost-reduction,unsupported_engine_mechanic,UV5,Jolly Roger - Hook's Ship,location,003,135,UV5-2,static,ALL HANDS ON DECK!,unsupported_engine_mechanic
unsupported_engine_mechanic,ability,static,unsupported_engine_mechanic,Lt1,RLS Legacy - Solar Galleon,location,003,136,Lt1-2,static,HEAVE TOGETHER NOW,unsupported_engine_mechanic
unsupported_engine_mechanic,effect,move-cost-reduction,unsupported_engine_mechanic,Lt1,RLS Legacy - Solar Galleon,location,003,136,Lt1-2,static,HEAVE TOGETHER NOW,unsupported_engine_mechanic
unsupported_engine_mechanic,ability,static,unsupported_engine_mechanic,2t3,RLS Legacy - Solar Galleon,location,003,216,Lt1-2,static,HEAVE TOGETHER NOW,unsupported_engine_mechanic
unsupported_engine_mechanic,effect,move-cost-reduction,unsupported_engine_mechanic,2t3,RLS Legacy - Solar Galleon,location,003,216,Lt1-2,static,HEAVE TOGETHER NOW,unsupported_engine_mechanic
unsupported_engine_mechanic,ability,static,unsupported_engine_mechanic,GJL,The Sorcerer's Tower - Wondrous Workspace,location,003,68,GJL-1,static,BROOM CLOSET,unsupported_engine_mechanic
unsupported_engine_mechanic,effect,move-cost-reduction,unsupported_engine_mechanic,GJL,The Sorcerer's Tower - Wondrous Workspace,location,003,68,GJL-1,static,BROOM CLOSET,unsupported_engine_mechanic
unsupported_cost,ability,keyword,unsupported_cost,KQ7,Aladdin - Brave Rescuer,character,004,171,Shift,keyword,,unsupported_cost
unsupported_cost,cost,discardCardType,unsupported_cost,KQ7,Aladdin - Brave Rescuer,character,004,171,Shift,keyword,,unsupported_cost
unsupported_cost,ability,activated,unsupported_cost,k2u,Aurora - Lore Guardian,character,004,140,k2u-3,activated,ROYAL INVENTORY,unsupported_cost
unsupported_cost,cost,exertItems,unsupported_cost,k2u,Aurora - Lore Guardian,character,004,140,k2u-3,activated,ROYAL INVENTORY,unsupported_cost
unsupported_engine_mechanic,ability,static,unsupported_engine_mechanic,f3O,Beast - Wounded,character,004,103,hmw-1,static,THAT HURTS!,unsupported_engine_mechanic
unsupported_engine_mechanic,effect,enters-with-damage,unsupported_engine_mechanic,f3O,Beast - Wounded,character,004,103,hmw-1,static,THAT HURTS!,unsupported_engine_mechanic
unsupported_choice,ability,activated,unsupported_choice,Hx7,Bruno Madrigal - Undetected Uncle,character,004,39,13f-2,activated,YOU JUST HAVE TO SEE IT,unsupported_choice
unsupported_choice,effect,sequence,unsupported_choice,Hx7,Bruno Madrigal - Undetected Uncle,character,004,39,13f-2,activated,YOU JUST HAVE TO SEE IT,unsupported_choice
unsupported_choice,effect,name-a-card,unsupported_choice,Hx7,Bruno Madrigal - Undetected Uncle,character,004,39,13f-2,activated,YOU JUST HAVE TO SEE IT,unsupported_choice
unsupported_cost,ability,keyword,unsupported_cost,Mnw,Diablo - Devoted Herald,character,004,70,mnw-1,keyword,,unsupported_cost
unsupported_cost,cost,discardCardType,unsupported_cost,Mnw,Diablo - Devoted Herald,character,004,70,mnw-1,keyword,,unsupported_cost
unsupported_cost,ability,keyword,unsupported_cost,03s,Diablo - Devoted Herald,character,004,211,mnw-1,keyword,,unsupported_cost
unsupported_cost,cost,discardCardType,unsupported_cost,03s,Diablo - Devoted Herald,character,004,211,mnw-1,keyword,,unsupported_cost
unsupported_cost,ability,activated,unsupported_cost,V9W,Hades - Double Dealer,character,004,74,i41-1,activated,HERE'S THE TRADE-OFF,unsupported_cost
unsupported_cost,cost,banishCharacter,unsupported_cost,V9W,Hades - Double Dealer,character,004,74,i41-1,activated,HERE'S THE TRADE-OFF,unsupported_cost
unsupported_cost,cost,banishCharacterTarget,unsupported_cost,V9W,Hades - Double Dealer,character,004,74,i41-1,activated,HERE'S THE TRADE-OFF,unsupported_cost
unsupported_cost,ability,keyword,unsupported_cost,4HP,Li Shang - Valorous General,character,004,112,4HP-1,keyword,,unsupported_cost
unsupported_cost,cost,discardCardType,unsupported_cost,4HP,Li Shang - Valorous General,character,004,112,4HP-1,keyword,,unsupported_cost
unsupported_targeting,ability,static,unsupported_targeting,HyV,Ling - Imperial Soldier,character,004,183,joz-1,static,FULL OF SPIRIT,unsupported_targeting
unsupported_targeting,effect,modify-stat,unsupported_targeting,HyV,Ling - Imperial Soldier,character,004,183,joz-1,static,FULL OF SPIRIT,unsupported_targeting
unsupported_targeting,target,alias,unsupported_targeting,HyV,Ling - Imperial Soldier,character,004,183,joz-1,static,FULL OF SPIRIT,unsupported_targeting
unsupported_engine_mechanic,ability,static,unsupported_engine_mechanic,sfy,Mulan - Injured Soldier,character,004,116,1g0-1,static,BATTLE WOUND,unsupported_engine_mechanic
unsupported_engine_mechanic,effect,enters-with-damage,unsupported_engine_mechanic,sfy,Mulan - Injured Soldier,character,004,116,1g0-1,static,BATTLE WOUND,unsupported_engine_mechanic
unsupported_cost,ability,keyword,unsupported_cost,fW1,Olaf - Carrot Enthusiast,character,004,149,fW1-1,keyword,,unsupported_cost
unsupported_cost,cost,discardCardType,unsupported_cost,fW1,Olaf - Carrot Enthusiast,character,004,149,fW1-1,keyword,,unsupported_cost
unsupported_targeting,ability,static,unsupported_targeting,Lpe,Philoctetes - No-Nonsense Instructor,character,004,190,1r4-1,static,YOU GOTTA STAY FOCUSED,unsupported_targeting
unsupported_targeting,effect,gain-keyword,unsupported_targeting,Lpe,Philoctetes - No-Nonsense Instructor,character,004,190,1r4-1,static,YOU GOTTA STAY FOCUSED,unsupported_targeting
unsupported_targeting,target,alias,unsupported_targeting,Lpe,Philoctetes - No-Nonsense Instructor,character,004,190,1r4-1,static,YOU GOTTA STAY FOCUSED,unsupported_targeting
mapped_not_executable,ability,static,mapped_not_executable,ATc,Piglet - Sturdy Swordsman,character,004,191,1bb-2,static,NOT SO SMALL ANYMORE,mapped_not_executable
mapped_not_executable,ability,static,mapped_not_executable,WaO,Piglet - Sturdy Swordsman,character,004,221,1bb-2,static,NOT SO SMALL ANYMORE,mapped_not_executable
unsupported_targeting,ability,static,unsupported_targeting,vCW,Prince Phillip - Warden of the Woods,character,004,88,1kf-1,static,SHINING BEACON,unsupported_targeting
unsupported_targeting,effect,gain-keyword,unsupported_targeting,vCW,Prince Phillip - Warden of the Woods,character,004,88,1kf-1,static,SHINING BEACON,unsupported_targeting
unsupported_targeting,target,alias,unsupported_targeting,vCW,Prince Phillip - Warden of the Woods,character,004,88,1kf-1,static,SHINING BEACON,unsupported_targeting
unsupported_cost,ability,activated,unsupported_cost,nit,Triton - Discerning King,character,004,159,rj9-1,activated,CONSIGN TO THE DEPTHS,unsupported_cost
unsupported_cost,cost,banishItem,unsupported_cost,nit,Triton - Discerning King,character,004,159,rj9-1,activated,CONSIGN TO THE DEPTHS,unsupported_cost
unsupported_targeting,ability,triggered,unsupported_targeting,PQN,Tuk Tuk - Lively Partner,character,004,127,PQN-2,triggered,ON A ROLL,unsupported_targeting
unsupported_targeting,effect,optional,unsupported_targeting,PQN,Tuk Tuk - Lively Partner,character,004,127,PQN-2,triggered,ON A ROLL,unsupported_targeting
unsupported_targeting,effect,sequence,unsupported_targeting,PQN,Tuk Tuk - Lively Partner,character,004,127,PQN-2,triggered,ON A ROLL,unsupported_targeting
unsupported_targeting,effect,modify-stat,unsupported_targeting,PQN,Tuk Tuk - Lively Partner,character,004,127,PQN-2,triggered,ON A ROLL,unsupported_targeting
unsupported_targeting,target,object,unsupported_targeting,PQN,Tuk Tuk - Lively Partner,character,004,127,PQN-2,triggered,ON A ROLL,unsupported_targeting
unsupported_cost,ability,keyword,unsupported_cost,cjn,Ursula - Eric's Bride,character,004,24,cjn-1,keyword,,unsupported_cost
unsupported_cost,cost,discardCardType,unsupported_cost,cjn,Ursula - Eric's Bride,character,004,24,cjn-1,keyword,,unsupported_cost
unsupported_choice,ability,action,unsupported_choice,zkw,Sign the Scroll,action,004,30,ggh-1,action,,unsupported_choice
unsupported_choice,effect,sequence,unsupported_choice,zkw,Sign the Scroll,action,004,30,ggh-1,action,,unsupported_choice
unsupported_choice,effect,optional,unsupported_choice,zkw,Sign the Scroll,action,004,30,ggh-1,action,,unsupported_choice
unsupported_choice,ability,action,unsupported_choice,SrO,Ursula’s Plan,action,004,63,ygy-1,action,,unsupported_choice
unsupported_choice,effect,sequence,unsupported_choice,SrO,Ursula’s Plan,action,004,63,ygy-1,action,,unsupported_choice
unsupported_choice,ability,action,unsupported_choice,zNr,Ursula’s Trickery,action,004,96,1sb-1,action,,unsupported_choice
unsupported_choice,effect,sequence,unsupported_choice,zNr,Ursula’s Trickery,action,004,96,1sb-1,action,,unsupported_choice
unsupported_choice,effect,optional,unsupported_choice,zNr,Ursula’s Trickery,action,004,96,1sb-1,action,,unsupported_choice
unsupported_targeting,ability,triggered,unsupported_targeting,DSK,Field of Ice,item,004,166,1kk-1,triggered,ICY DEFENSE,unsupported_targeting
unsupported_targeting,effect,gain-keyword,unsupported_targeting,DSK,Field of Ice,item,004,166,1kk-1,triggered,ICY DEFENSE,unsupported_targeting
unsupported_targeting,target,selector,unsupported_targeting,DSK,Field of Ice,item,004,166,1kk-1,triggered,ICY DEFENSE,unsupported_targeting
unsupported_engine_mechanic,ability,static,unsupported_engine_mechanic,RqX,Hidden Inkcaster,item,004,98,RqX-2,static,UNEXPECTED TREASURE,unsupported_engine_mechanic
unsupported_engine_mechanic,effect,grant-hand-inkability,unsupported_engine_mechanic,RqX,Hidden Inkcaster,item,004,98,RqX-2,static,UNEXPECTED TREASURE,unsupported_engine_mechanic
unsupported_engine_mechanic,ability,static,unsupported_engine_mechanic,2w7,Record Player,item,004,32,2w7-2,static,HIT PARADE,unsupported_engine_mechanic
unsupported_engine_mechanic,effect,property-modification,unsupported_engine_mechanic,2w7,Record Player,item,004,32,2w7-2,static,HIT PARADE,unsupported_engine_mechanic
mapped_not_executable,ability,replacement,mapped_not_executable,Kxi,Vision Slab,item,004,100,Kxi-2,replacement,TRAPPED!,mapped_not_executable
unsupported_engine_mechanic,ability,static,unsupported_engine_mechanic,XhY,Atlantica - Concert Hall,location,004,33,6b5-1,static,UNDERWATER ACOUSTICS,unsupported_engine_mechanic
unsupported_engine_mechanic,effect,property-modification,unsupported_engine_mechanic,XhY,Atlantica - Concert Hall,location,004,33,6b5-1,static,UNDERWATER ACOUSTICS,unsupported_engine_mechanic
unsupported_targeting,ability,activated,unsupported_targeting,n6q,Training Grounds - Impossible Pillar,location,004,136,n6q-1,activated,STRENGTH OF MIND,unsupported_targeting
unsupported_targeting,effect,modify-stat,unsupported_targeting,n6q,Training Grounds - Impossible Pillar,location,004,136,n6q-1,activated,STRENGTH OF MIND,unsupported_targeting
unsupported_targeting,target,selector,unsupported_targeting,n6q,Training Grounds - Impossible Pillar,location,004,136,n6q-1,activated,STRENGTH OF MIND,unsupported_targeting
unsupported_targeting,ability,triggered,unsupported_targeting,U6D,Ursula’s Lair - Eye of the Storm,location,004,68,U6D-1,triggered,SLIPPERY HALLS,unsupported_targeting
unsupported_targeting,effect,optional,unsupported_targeting,U6D,Ursula’s Lair - Eye of the Storm,location,004,68,U6D-1,triggered,SLIPPERY HALLS,unsupported_targeting
unsupported_targeting,effect,return-to-hand,unsupported_targeting,U6D,Ursula’s Lair - Eye of the Storm,location,004,68,U6D-1,triggered,SLIPPERY HALLS,unsupported_targeting
unsupported_targeting,target,selector,unsupported_targeting,U6D,Ursula’s Lair - Eye of the Storm,location,004,68,U6D-1,triggered,SLIPPERY HALLS,unsupported_targeting
unsupported_targeting,ability,static,unsupported_targeting,U6D,Ursula’s Lair - Eye of the Storm,location,004,68,U6D-2,static,SEAT OF POWER,unsupported_targeting
unsupported_targeting,effect,modify-stat,unsupported_targeting,U6D,Ursula’s Lair - Eye of the Storm,location,004,68,U6D-2,static,SEAT OF POWER,unsupported_targeting
unsupported_targeting,target,selector,unsupported_targeting,U6D,Ursula’s Lair - Eye of the Storm,location,004,68,U6D-2,static,SEAT OF POWER,unsupported_targeting
unsupported_targeting,ability,triggered,unsupported_targeting,oLN,Winter Camp - Medical Tent,location,004,170,129-1,triggered,HELP THE WOUNDED,unsupported_targeting
unsupported_targeting,effect,sequence,unsupported_targeting,oLN,Winter Camp - Medical Tent,location,004,170,129-1,triggered,HELP THE WOUNDED,unsupported_targeting
unsupported_targeting,effect,remove-damage,unsupported_targeting,oLN,Winter Camp - Medical Tent,location,004,170,129-1,triggered,HELP THE WOUNDED,unsupported_targeting
unsupported_targeting,target,selector,unsupported_targeting,oLN,Winter Camp - Medical Tent,location,004,170,129-1,triggered,HELP THE WOUNDED,unsupported_targeting
unsupported_choice,ability,triggered,unsupported_choice,Tqp,Anna - Diplomatic Queen,character,005,85,Tqp-1,triggered,ROYAL RESOLUTION,unsupported_choice
unsupported_choice,effect,optional,unsupported_choice,Tqp,Anna - Diplomatic Queen,character,005,85,Tqp-1,triggered,ROYAL RESOLUTION,unsupported_choice
unsupported_choice,effect,choice,unsupported_choice,Tqp,Anna - Diplomatic Queen,character,005,85,Tqp-1,triggered,ROYAL RESOLUTION,unsupported_choice
unsupported_choice,effect,pay-cost,unsupported_choice,Tqp,Anna - Diplomatic Queen,character,005,85,Tqp-1,triggered,ROYAL RESOLUTION,unsupported_choice
unsupported_choice,ability,triggered,unsupported_choice,lih,Daisy Duck - Donald's Date,character,005,16,czn-1,triggered,BIG PRIZE,unsupported_choice
unsupported_choice,effect,scry,unsupported_choice,lih,Daisy Duck - Donald's Date,character,005,16,czn-1,triggered,BIG PRIZE,unsupported_choice
unsupported_targeting,ability,static,unsupported_targeting,6WD,Kenai - Big Brother,character,005,5,a82-1,static,BROTHERS FOREVER,unsupported_targeting
unsupported_targeting,effect,restriction,unsupported_targeting,6WD,Kenai - Big Brother,character,005,5,a82-1,static,BROTHERS FOREVER,unsupported_targeting
unsupported_targeting,target,selector,unsupported_targeting,6WD,Kenai - Big Brother,character,005,5,a82-1,static,BROTHERS FOREVER,unsupported_targeting
unsupported_targeting,ability,triggered,unsupported_targeting,reF,King Candy - Sweet Abomination,character,005,154,q61-2,triggered,CHANGING THE CODE,unsupported_targeting
unsupported_targeting,effect,optional,unsupported_targeting,reF,King Candy - Sweet Abomination,character,005,154,q61-2,triggered,CHANGING THE CODE,unsupported_targeting
unsupported_targeting,effect,sequence,unsupported_targeting,reF,King Candy - Sweet Abomination,character,005,154,q61-2,triggered,CHANGING THE CODE,unsupported_targeting
unsupported_targeting,effect,put-on-bottom,unsupported_targeting,reF,King Candy - Sweet Abomination,character,005,154,q61-2,triggered,CHANGING THE CODE,unsupported_targeting
unsupported_targeting,target,selector,unsupported_targeting,reF,King Candy - Sweet Abomination,character,005,154,q61-2,triggered,CHANGING THE CODE,unsupported_targeting
unsupported_targeting,ability,triggered,unsupported_targeting,0cp,King Candy - Sweet Abomination,character,005,218,q61-2,triggered,CHANGING THE CODE,unsupported_targeting
unsupported_targeting,effect,optional,unsupported_targeting,0cp,King Candy - Sweet Abomination,character,005,218,q61-2,triggered,CHANGING THE CODE,unsupported_targeting
unsupported_targeting,effect,sequence,unsupported_targeting,0cp,King Candy - Sweet Abomination,character,005,218,q61-2,triggered,CHANGING THE CODE,unsupported_targeting
unsupported_targeting,effect,put-on-bottom,unsupported_targeting,0cp,King Candy - Sweet Abomination,character,005,218,q61-2,triggered,CHANGING THE CODE,unsupported_targeting
unsupported_targeting,target,selector,unsupported_targeting,0cp,King Candy - Sweet Abomination,character,005,218,q61-2,triggered,CHANGING THE CODE,unsupported_targeting
mapped_not_executable,ability,replacement,mapped_not_executable,4iY,Koda - Talkative Cub,character,005,1,4iY-1,replacement,TELL EVERYBODY,mapped_not_executable
mapped_not_executable,ability,replacement,mapped_not_executable,8Yk,Magica De Spell - Cruel Sorceress,character,005,53,8Yk-1,replacement,PLAYING WITH POWER,mapped_not_executable
unsupported_targeting,ability,static,unsupported_targeting,gdk,Merlin - Back from Bermuda,character,005,142,eka-1,static,LONG LIVE THE KING!,unsupported_targeting
unsupported_targeting,effect,gain-keyword,unsupported_targeting,gdk,Merlin - Back from Bermuda,character,005,142,eka-1,static,LONG LIVE THE KING!,unsupported_targeting
unsupported_targeting,target,selector,unsupported_targeting,gdk,Merlin - Back from Bermuda,character,005,142,eka-1,static,LONG LIVE THE KING!,unsupported_targeting
unsupported_engine_mechanic,ability,static,unsupported_engine_mechanic,284,Mirabel Madrigal - Family Gatherer,character,005,14,1v7-1,static,NOT WITHOUT MY FAMILY,unsupported_engine_mechanic
unsupported_engine_mechanic,effect,self-play-condition,unsupported_engine_mechanic,284,Mirabel Madrigal - Family Gatherer,character,005,14,1v7-1,static,NOT WITHOUT MY FAMILY,unsupported_engine_mechanic
unsupported_choice,ability,triggered,unsupported_choice,7PI,Mother Gothel - Unwavering Schemer,character,005,92,7PI-2,triggered,THE WORLD IS DARK,unsupported_choice
unsupported_choice,effect,for-each-opponent,unsupported_choice,7PI,Mother Gothel - Unwavering Schemer,character,005,92,7PI-2,triggered,THE WORLD IS DARK,unsupported_choice
mapped_not_executable,ability,static,mapped_not_executable,2TR,Namaari - Resolute Daughter,character,005,182,1t7-1,static,I DON'T HAVE ANY OTHER CHOICE,mapped_not_executable
mapped_not_executable,ability,static,mapped_not_executable,LKY,Robin Hood - Timely Contestant,character,005,69,rhk-1,static,TAG ME IN!,mapped_not_executable
mapped_not_executable,ability,static,mapped_not_executable,ROz,Sheriff of Nottingham - Bushel Britches,character,005,145,ROz-1,static,EVERY LITTLE BIT HELPS,mapped_not_executable
unsupported_targeting,ability,triggered,unsupported_targeting,746,Simba - Son of Mufasa,character,005,192,xnq-2,triggered,FEARSOME ROAR,unsupported_targeting
unsupported_targeting,effect,optional,unsupported_targeting,746,Simba - Son of Mufasa,character,005,192,xnq-2,triggered,FEARSOME ROAR,unsupported_targeting
unsupported_targeting,effect,banish,unsupported_targeting,746,Simba - Son of Mufasa,character,005,192,xnq-2,triggered,FEARSOME ROAR,unsupported_targeting
unsupported_targeting,target,alias,unsupported_targeting,746,Simba - Son of Mufasa,character,005,192,xnq-2,triggered,FEARSOME ROAR,unsupported_targeting
mapped_not_executable,ability,static,mapped_not_executable,Wpl,The Queen - Fairest of All,character,005,144,1ho-3,static,REFLECTIONS OF VANITY,mapped_not_executable
unsupported_engine_mechanic,ability,static,unsupported_engine_mechanic,42e,Turbo - Royal Hack,character,005,106,42e-2,static,GAME JUMP,unsupported_engine_mechanic
unsupported_engine_mechanic,effect,property-modification,unsupported_engine_mechanic,42e,Turbo - Royal Hack,character,005,106,42e-2,static,GAME JUMP,unsupported_engine_mechanic
unsupported_condition,ability,triggered,unsupported_condition,rui,Wreck-It Ralph - Admiral Underpants,character,005,21,rui-1,triggered,I'VE GOT THE COOLEST FRIEND,unsupported_condition
unsupported_condition,effect,sequence,unsupported_condition,rui,Wreck-It Ralph - Admiral Underpants,character,005,21,rui-1,triggered,I'VE GOT THE COOLEST FRIEND,unsupported_condition
unsupported_condition,effect,conditional,unsupported_condition,rui,Wreck-It Ralph - Admiral Underpants,character,005,21,rui-1,triggered,I'VE GOT THE COOLEST FRIEND,unsupported_condition
unsupported_condition,effect_condition,returned-card-is-princess,unsupported_condition,rui,Wreck-It Ralph - Admiral Underpants,character,005,21,rui-1,triggered,I'VE GOT THE COOLEST FRIEND,unsupported_condition
unsupported_choice,ability,action,unsupported_choice,hV2,Blast from Your Past,action,005,28,1tj-1,action,,unsupported_choice
unsupported_choice,effect,sequence,unsupported_choice,hV2,Blast from Your Past,action,005,28,1tj-1,action,,unsupported_choice
unsupported_choice,effect,name-a-card,unsupported_choice,hV2,Blast from Your Past,action,005,28,1tj-1,action,,unsupported_choice
unsupported_targeting,effect,return-to-hand,unsupported_targeting,hV2,Blast from Your Past,action,005,28,1tj-1,action,,unsupported_choice
unsupported_targeting,target,selector,unsupported_targeting,hV2,Blast from Your Past,action,005,28,1tj-1,action,,unsupported_choice
unsupported_targeting,ability,action,unsupported_targeting,DPw,Ever as Before,action,005,162,1br-1,action,,unsupported_targeting
unsupported_targeting,effect,remove-damage,unsupported_targeting,DPw,Ever as Before,action,005,162,1br-1,action,,unsupported_targeting
unsupported_targeting,target,selector,unsupported_targeting,DPw,Ever as Before,action,005,162,1br-1,action,,unsupported_targeting
unsupported_targeting,ability,action,unsupported_targeting,jnV,Royal Tantrum,action,005,161,96v-1,action,,unsupported_targeting
unsupported_targeting,effect,sequence,unsupported_targeting,jnV,Royal Tantrum,action,005,161,96v-1,action,,unsupported_targeting
unsupported_targeting,effect,banish,unsupported_targeting,jnV,Royal Tantrum,action,005,161,96v-1,action,,unsupported_targeting
unsupported_targeting,target,selector,unsupported_targeting,jnV,Royal Tantrum,action,005,161,96v-1,action,,unsupported_targeting
unsupported_targeting,ability,action,unsupported_targeting,VaD,Royal Tantrum,action,005,219,96v-1,action,,unsupported_targeting
unsupported_targeting,effect,sequence,unsupported_targeting,VaD,Royal Tantrum,action,005,219,96v-1,action,,unsupported_targeting
unsupported_targeting,effect,banish,unsupported_targeting,VaD,Royal Tantrum,action,005,219,96v-1,action,,unsupported_targeting
unsupported_targeting,target,selector,unsupported_targeting,VaD,Royal Tantrum,action,005,219,96v-1,action,,unsupported_targeting
unsupported_targeting,ability,action,unsupported_targeting,2Wp,We Know the Way,action,005,61,ability,action,,unsupported_targeting
unsupported_targeting,effect,sequence,unsupported_targeting,2Wp,We Know the Way,action,005,61,ability,action,,unsupported_targeting
unsupported_targeting,effect,shuffle-into-deck,unsupported_targeting,2Wp,We Know the Way,action,005,61,ability,action,,unsupported_targeting
unsupported_targeting,target,selector,unsupported_targeting,2Wp,We Know the Way,action,005,61,ability,action,,unsupported_targeting
unsupported_engine_mechanic,ability,action,unsupported_engine_mechanic,OM9,Who's With Me?,action,005,131,4hv-1,action,,unsupported_engine_mechanic
unsupported_engine_mechanic,effect,sequence,unsupported_engine_mechanic,OM9,Who's With Me?,action,005,131,4hv-1,action,,unsupported_engine_mechanic
unsupported_engine_mechanic,effect,create-triggered-ability,unsupported_engine_mechanic,OM9,Who's With Me?,action,005,131,4hv-1,action,,unsupported_engine_mechanic
unsupported_choice,ability,activated,unsupported_choice,12k,Amethyst Chromicon,item,005,66,1nk-1,activated,AMETHYST LIGHT,unsupported_choice
unsupported_choice,effect,sequence,unsupported_choice,12k,Amethyst Chromicon,item,005,66,1nk-1,activated,AMETHYST LIGHT,unsupported_choice
unsupported_choice,effect,optional,unsupported_choice,12k,Amethyst Chromicon,item,005,66,1nk-1,activated,AMETHYST LIGHT,unsupported_choice
unsupported_cost,ability,activated,unsupported_cost,Xd5,Sapphire Chromicon,item,005,168,cxg-2,activated,SAPPHIRE LIGHT,unsupported_cost
unsupported_cost,cost,banishItem,unsupported_cost,Xd5,Sapphire Chromicon,item,005,168,cxg-2,activated,SAPPHIRE LIGHT,unsupported_cost
unsupported_targeting,ability,static,unsupported_targeting,rvD,Bad-Anon - Villain Support Center,location,005,203,1kj-1,static,THERE'S NO ONE I'D RATHER BE THAN ME,unsupported_targeting
unsupported_targeting,effect,grant-abilities-while-here,unsupported_targeting,rvD,Bad-Anon - Villain Support Center,location,005,203,1kj-1,static,THERE'S NO ONE I'D RATHER BE THAN ME,unsupported_targeting
unsupported_targeting,target,selector,unsupported_targeting,rvD,Bad-Anon - Villain Support Center,location,005,203,1kj-1,static,THERE'S NO ONE I'D RATHER BE THAN ME,unsupported_targeting
unsupported_targeting,ability,static,unsupported_targeting,9nh,Bad-Anon - Villain Support Center,location,005,222,1kj-1,static,THERE'S NO ONE I'D RATHER BE THAN ME,unsupported_targeting
unsupported_targeting,effect,grant-abilities-while-here,unsupported_targeting,9nh,Bad-Anon - Villain Support Center,location,005,222,1kj-1,static,THERE'S NO ONE I'D RATHER BE THAN ME,unsupported_targeting
unsupported_targeting,target,selector,unsupported_targeting,9nh,Bad-Anon - Villain Support Center,location,005,222,1kj-1,static,THERE'S NO ONE I'D RATHER BE THAN ME,unsupported_targeting
mapped_not_executable,ability,static,mapped_not_executable,yVb,Merlin's Cottage - The Wizard's Home,location,005,170,fdq-1,static,KNOWLEDGE IS POWER,mapped_not_executable
unsupported_engine_mechanic,ability,static,unsupported_engine_mechanic,DoZ,Sherwood Forest - Outlaw Hideaway,location,005,101,1kh-1,static,FOREST HOME,unsupported_engine_mechanic
unsupported_engine_mechanic,effect,move-cost-reduction,unsupported_engine_mechanic,DoZ,Sherwood Forest - Outlaw Hideaway,location,005,101,1kh-1,static,FOREST HOME,unsupported_engine_mechanic
mapped_not_executable,ability,static,mapped_not_executable,DoZ,Sherwood Forest - Outlaw Hideaway,location,005,101,1kh-3,static,FAMILIAR TERRAIN,mapped_not_executable
unsupported_targeting,ability,activated,unsupported_targeting,ibi,Sugar Rush Speedway - Starting Line,location,005,135,gzg-1,activated,ON YOUR MARKS!,unsupported_targeting
unsupported_targeting,effect,optional,unsupported_targeting,ibi,Sugar Rush Speedway - Starting Line,location,005,135,gzg-1,activated,ON YOUR MARKS!,unsupported_targeting
unsupported_targeting,effect,sequence,unsupported_targeting,ibi,Sugar Rush Speedway - Starting Line,location,005,135,gzg-1,activated,ON YOUR MARKS!,unsupported_targeting
unsupported_targeting,effect,exert,unsupported_targeting,ibi,Sugar Rush Speedway - Starting Line,location,005,135,gzg-1,activated,ON YOUR MARKS!,unsupported_targeting
unsupported_targeting,target,selector,unsupported_targeting,ibi,Sugar Rush Speedway - Starting Line,location,005,135,gzg-1,activated,ON YOUR MARKS!,unsupported_targeting
unsupported_targeting,ability,static,unsupported_targeting,FUQ,The Great Illuminary - Radiant Ballroom,location,005,169,bsq-1,static,WARM WELCOME,unsupported_targeting
unsupported_targeting,effect,modify-stat,unsupported_targeting,FUQ,The Great Illuminary - Radiant Ballroom,location,005,169,bsq-1,static,WARM WELCOME,unsupported_targeting
unsupported_targeting,target,selector,unsupported_targeting,FUQ,The Great Illuminary - Radiant Ballroom,location,005,169,bsq-1,static,WARM WELCOME,unsupported_targeting
unsupported_targeting,ability,static,unsupported_targeting,FUQ,The Great Illuminary - Radiant Ballroom,location,005,169,bsq-2,static,WARM WELCOME,unsupported_targeting
unsupported_targeting,effect,modify-stat,unsupported_targeting,FUQ,The Great Illuminary - Radiant Ballroom,location,005,169,bsq-2,static,WARM WELCOME,unsupported_targeting
unsupported_targeting,target,selector,unsupported_targeting,FUQ,The Great Illuminary - Radiant Ballroom,location,005,169,bsq-2,static,WARM WELCOME,unsupported_targeting
unsupported_choice,ability,triggered,unsupported_choice,357,Basil - Disguised Detective,character,006,91,fop-2,triggered,TWISTS AND TURNS,unsupported_choice
unsupported_choice,effect,optional,unsupported_choice,357,Basil - Disguised Detective,character,006,91,fop-2,triggered,TWISTS AND TURNS,unsupported_choice
unsupported_choice,effect,pay-cost,unsupported_choice,357,Basil - Disguised Detective,character,006,91,fop-2,triggered,TWISTS AND TURNS,unsupported_choice
unsupported_choice,ability,triggered,unsupported_choice,ksD,Basil - Disguised Detective,character,006,212,fop-2,triggered,TWISTS AND TURNS,unsupported_choice
unsupported_choice,effect,optional,unsupported_choice,ksD,Basil - Disguised Detective,character,006,212,fop-2,triggered,TWISTS AND TURNS,unsupported_choice
unsupported_choice,effect,pay-cost,unsupported_choice,ksD,Basil - Disguised Detective,character,006,212,fop-2,triggered,TWISTS AND TURNS,unsupported_choice
unsupported_targeting,ability,static,unsupported_targeting,2tR,Captain Amelia - Commander of the Legacy,character,006,192,1ln-2,static,EVERYTHING SHIPSHAPE,unsupported_targeting
unsupported_targeting,effect,gain-keyword,unsupported_targeting,2tR,Captain Amelia - Commander of the Legacy,character,006,192,1ln-2,static,EVERYTHING SHIPSHAPE,unsupported_targeting
unsupported_targeting,target,selector,unsupported_targeting,2tR,Captain Amelia - Commander of the Legacy,character,006,192,1ln-2,static,EVERYTHING SHIPSHAPE,unsupported_targeting
unsupported_targeting,ability,static,unsupported_targeting,jFM,Captain Amelia - Commander of the Legacy,character,006,221,1ln-2,static,EVERYTHING SHIPSHAPE,unsupported_targeting
unsupported_targeting,effect,gain-keyword,unsupported_targeting,jFM,Captain Amelia - Commander of the Legacy,character,006,221,1ln-2,static,EVERYTHING SHIPSHAPE,unsupported_targeting
unsupported_targeting,target,selector,unsupported_targeting,jFM,Captain Amelia - Commander of the Legacy,character,006,221,1ln-2,static,EVERYTHING SHIPSHAPE,unsupported_targeting
unsupported_engine_mechanic,ability,triggered,unsupported_engine_mechanic,gNk,Dale - Mischievous Ranger,character,006,18,gNk-1,triggered,NUTS ABOUT PRANKS,unsupported_engine_mechanic
unsupported_engine_mechanic,effect,optional,unsupported_engine_mechanic,gNk,Dale - Mischievous Ranger,character,006,18,gNk-1,triggered,NUTS ABOUT PRANKS,unsupported_engine_mechanic
unsupported_engine_mechanic,effect,sequence,unsupported_engine_mechanic,gNk,Dale - Mischievous Ranger,character,006,18,gNk-1,triggered,NUTS ABOUT PRANKS,unsupported_engine_mechanic
unsupported_engine_mechanic,effect,mill,unsupported_engine_mechanic,gNk,Dale - Mischievous Ranger,character,006,18,gNk-1,triggered,NUTS ABOUT PRANKS,unsupported_engine_mechanic
unsupported_cost,ability,activated,unsupported_cost,XQk,Hades - Strong Arm,character,006,125,XQk-1,activated,WHAT ARE YOU GONNA DO?,unsupported_cost
unsupported_cost,cost,banishCharacter,unsupported_cost,XQk,Hades - Strong Arm,character,006,125,XQk-1,activated,WHAT ARE YOU GONNA DO?,unsupported_cost
unsupported_condition,ability,triggered,unsupported_condition,2pj,Kakamora - Pirate Chief,character,006,172,2pj-1,triggered,COCONUT LEADER,unsupported_condition
unsupported_condition,effect,optional,unsupported_condition,2pj,Kakamora - Pirate Chief,character,006,172,2pj-1,triggered,COCONUT LEADER,unsupported_condition
unsupported_condition,effect,sequence,unsupported_condition,2pj,Kakamora - Pirate Chief,character,006,172,2pj-1,triggered,COCONUT LEADER,unsupported_condition
unsupported_condition,effect,conditional,unsupported_condition,2pj,Kakamora - Pirate Chief,character,006,172,2pj-1,triggered,COCONUT LEADER,unsupported_condition
unsupported_condition,effect_condition,discarded-card-has-classification,unsupported_condition,2pj,Kakamora - Pirate Chief,character,006,172,2pj-1,triggered,COCONUT LEADER,unsupported_condition
unsupported_targeting,ability,triggered,unsupported_targeting,IVl,Raya - Kumandran Rider,character,006,107,1dx-1,triggered,"COME ON, LET'S DO THIS",unsupported_targeting
unsupported_targeting,effect,optional,unsupported_targeting,IVl,Raya - Kumandran Rider,character,006,107,1dx-1,triggered,"COME ON, LET'S DO THIS",unsupported_targeting
unsupported_targeting,effect,sequence,unsupported_targeting,IVl,Raya - Kumandran Rider,character,006,107,1dx-1,triggered,"COME ON, LET'S DO THIS",unsupported_targeting
unsupported_targeting,effect,restriction,unsupported_targeting,IVl,Raya - Kumandran Rider,character,006,107,1dx-1,triggered,"COME ON, LET'S DO THIS",unsupported_targeting
unsupported_targeting,target,object,unsupported_targeting,IVl,Raya - Kumandran Rider,character,006,107,1dx-1,triggered,"COME ON, LET'S DO THIS",unsupported_targeting
unsupported_targeting,ability,triggered,unsupported_targeting,pyb,Raya - Kumandran Rider,character,006,214,1dx-1,triggered,"COME ON, LET'S DO THIS",unsupported_targeting
unsupported_targeting,effect,optional,unsupported_targeting,pyb,Raya - Kumandran Rider,character,006,214,1dx-1,triggered,"COME ON, LET'S DO THIS",unsupported_targeting
unsupported_targeting,effect,sequence,unsupported_targeting,pyb,Raya - Kumandran Rider,character,006,214,1dx-1,triggered,"COME ON, LET'S DO THIS",unsupported_targeting
unsupported_targeting,effect,restriction,unsupported_targeting,pyb,Raya - Kumandran Rider,character,006,214,1dx-1,triggered,"COME ON, LET'S DO THIS",unsupported_targeting
unsupported_targeting,target,object,unsupported_targeting,pyb,Raya - Kumandran Rider,character,006,214,1dx-1,triggered,"COME ON, LET'S DO THIS",unsupported_targeting
mapped_not_executable,ability,static,mapped_not_executable,AMb,Tadashi Hamada - Baymax Inventor,character,006,153,16i-1,static,LET'S GET BACK TO WORK,mapped_not_executable
mapped_not_executable,ability,static,mapped_not_executable,AMb,Tadashi Hamada - Baymax Inventor,character,006,153,16i-2,static,LET'S GET BACK TO WORK,mapped_not_executable
unsupported_choice,ability,triggered,unsupported_choice,Mvh,Tiana - Restaurant Owner,character,006,16,6kc-1,triggered,SPECIAL RESERVATION,unsupported_choice
unsupported_choice,effect,or,unsupported_choice,Mvh,Tiana - Restaurant Owner,character,006,16,6kc-1,triggered,SPECIAL RESERVATION,unsupported_choice
unsupported_choice,ability,triggered,unsupported_choice,z7I,Tiana - Restaurant Owner,character,006,206,6kc-1,triggered,SPECIAL RESERVATION,unsupported_choice
unsupported_choice,effect,or,unsupported_choice,z7I,Tiana - Restaurant Owner,character,006,206,6kc-1,triggered,SPECIAL RESERVATION,unsupported_choice
unsupported_targeting,ability,triggered,unsupported_targeting,39T,Wreck-It Ralph - Ham Hands,character,006,190,1h8-1,triggered,I WRECK THINGS,unsupported_targeting
unsupported_targeting,effect,optional,unsupported_targeting,39T,Wreck-It Ralph - Ham Hands,character,006,190,1h8-1,triggered,I WRECK THINGS,unsupported_targeting
unsupported_targeting,effect,sequence,unsupported_targeting,39T,Wreck-It Ralph - Ham Hands,character,006,190,1h8-1,triggered,I WRECK THINGS,unsupported_targeting
unsupported_targeting,effect,banish,unsupported_targeting,39T,Wreck-It Ralph - Ham Hands,character,006,190,1h8-1,triggered,I WRECK THINGS,unsupported_targeting
unsupported_targeting,target,alias,unsupported_targeting,39T,Wreck-It Ralph - Ham Hands,character,006,190,1h8-1,triggered,I WRECK THINGS,unsupported_targeting
unsupported_targeting,ability,triggered,unsupported_targeting,x21,Wreck-It Ralph - Ham Hands,character,006,220,1h8-1,triggered,I WRECK THINGS,unsupported_targeting
unsupported_targeting,effect,optional,unsupported_targeting,x21,Wreck-It Ralph - Ham Hands,character,006,220,1h8-1,triggered,I WRECK THINGS,unsupported_targeting
unsupported_targeting,effect,sequence,unsupported_targeting,x21,Wreck-It Ralph - Ham Hands,character,006,220,1h8-1,triggered,I WRECK THINGS,unsupported_targeting
unsupported_targeting,effect,banish,unsupported_targeting,x21,Wreck-It Ralph - Ham Hands,character,006,220,1h8-1,triggered,I WRECK THINGS,unsupported_targeting
unsupported_targeting,target,alias,unsupported_targeting,x21,Wreck-It Ralph - Ham Hands,character,006,220,1h8-1,triggered,I WRECK THINGS,unsupported_targeting
unsupported_engine_mechanic,ability,action,unsupported_engine_mechanic,Nv8,A Very Merry Unbirthday,action,006,60,ability,action,,unsupported_engine_mechanic
unsupported_engine_mechanic,effect,mill,unsupported_engine_mechanic,Nv8,A Very Merry Unbirthday,action,006,60,ability,action,,unsupported_engine_mechanic
unsupported_engine_mechanic,ability,activated,unsupported_engine_mechanic,fMK,Mad Hatter's Teapot,item,006,66,2bj-1,activated,"NO ROOM, NO ROOM",unsupported_engine_mechanic
unsupported_engine_mechanic,effect,mill,unsupported_engine_mechanic,fMK,Mad Hatter's Teapot,item,006,66,2bj-1,activated,"NO ROOM, NO ROOM",unsupported_engine_mechanic
unsupported_cost,ability,activated,unsupported_cost,9I8,Scrump,item,006,33,88v-1,activated,I MADE HER,unsupported_cost
unsupported_cost,cost,exertCharacters,unsupported_cost,9I8,Scrump,item,006,33,88v-1,activated,I MADE HER,unsupported_cost
unsupported_targeting,ability,static,unsupported_targeting,cKc,Institute of Technology - Prestigious University,location,006,170,5mi-1,static,WELCOME TO THE LAB,unsupported_targeting
unsupported_targeting,effect,modify-stat,unsupported_targeting,cKc,Institute of Technology - Prestigious University,location,006,170,5mi-1,static,WELCOME TO THE LAB,unsupported_targeting
unsupported_targeting,target,selector,unsupported_targeting,cKc,Institute of Technology - Prestigious University,location,006,170,5mi-1,static,WELCOME TO THE LAB,unsupported_targeting
unsupported_cost,ability,activated,unsupported_cost,RJq,Beast - Frustrated Designer,character,007,136,1u2-1,activated,I'VE HAD IT!,unsupported_cost
unsupported_cost,cost,banishItem,unsupported_cost,RJq,Beast - Frustrated Designer,character,007,136,1u2-1,activated,I'VE HAD IT!,unsupported_cost
unsupported_choice,ability,triggered,unsupported_choice,K6M,Daisy Duck - Multitalented Pirate,character,007,108,k6m-1,triggered,FOWL PLAY,unsupported_choice
unsupported_choice,effect,choice,unsupported_choice,K6M,Daisy Duck - Multitalented Pirate,character,007,108,k6m-1,triggered,FOWL PLAY,unsupported_choice
unsupported_engine_mechanic,ability,static,unsupported_engine_mechanic,Vy6,Donald Duck - Flustered Sorcerer,character,007,73,ability,static,OBFUSCATE!,unsupported_engine_mechanic
unsupported_engine_mechanic,effect,win-condition-modification,unsupported_engine_mechanic,Vy6,Donald Duck - Flustered Sorcerer,character,007,73,ability,static,OBFUSCATE!,unsupported_engine_mechanic
unsupported_engine_mechanic,ability,static,unsupported_engine_mechanic,KYT,Donald Duck - Flustered Sorcerer,character,007,209,ability,static,OBFUSCATE!,unsupported_engine_mechanic
unsupported_engine_mechanic,effect,win-condition-modification,unsupported_engine_mechanic,KYT,Donald Duck - Flustered Sorcerer,character,007,209,ability,static,OBFUSCATE!,unsupported_engine_mechanic
unsupported_targeting,ability,triggered,unsupported_targeting,zSu,"Fix-It Felix, Jr. - Pint-Sized Hero",character,007,22,b28-1,triggered,LET'S GET TO WORK,unsupported_targeting
unsupported_targeting,effect,optional,unsupported_targeting,zSu,"Fix-It Felix, Jr. - Pint-Sized Hero",character,007,22,b28-1,triggered,LET'S GET TO WORK,unsupported_targeting
unsupported_targeting,effect,sequence,unsupported_targeting,zSu,"Fix-It Felix, Jr. - Pint-Sized Hero",character,007,22,b28-1,triggered,LET'S GET TO WORK,unsupported_targeting
unsupported_targeting,effect,restriction,unsupported_targeting,zSu,"Fix-It Felix, Jr. - Pint-Sized Hero",character,007,22,b28-1,triggered,LET'S GET TO WORK,unsupported_targeting
unsupported_targeting,target,object,unsupported_targeting,zSu,"Fix-It Felix, Jr. - Pint-Sized Hero",character,007,22,b28-1,triggered,LET'S GET TO WORK,unsupported_targeting
unsupported_engine_mechanic,ability,static,unsupported_engine_mechanic,HlC,Gantu - Experienced Enforcer,character,007,199,gantu-ee-2,static,DON'T GET ANY IDEAS,unsupported_engine_mechanic
unsupported_engine_mechanic,effect,cost-increase,unsupported_engine_mechanic,HlC,Gantu - Experienced Enforcer,character,007,199,gantu-ee-2,static,DON'T GET ANY IDEAS,unsupported_engine_mechanic
mapped_not_executable,ability,static,mapped_not_executable,4Oe,Gizmoduck - Suited Up,character,007,105,4Oe-2,static,BLATHERING BLATHERSKITE,mapped_not_executable
unsupported_targeting,ability,static,unsupported_targeting,rKO,Hiro Hamada - Armor Designer,character,007,96,zri-2,static,YOU CAN BE WAY MORE,unsupported_targeting
unsupported_targeting,effect,gain-keyword,unsupported_targeting,rKO,Hiro Hamada - Armor Designer,character,007,96,zri-2,static,YOU CAN BE WAY MORE,unsupported_targeting
unsupported_targeting,target,selector,unsupported_targeting,rKO,Hiro Hamada - Armor Designer,character,007,96,zri-2,static,YOU CAN BE WAY MORE,unsupported_targeting
unsupported_targeting,ability,static,unsupported_targeting,rKO,Hiro Hamada - Armor Designer,character,007,96,zri-3,static,YOU CAN BE WAY MORE,unsupported_targeting
unsupported_targeting,effect,gain-keyword,unsupported_targeting,rKO,Hiro Hamada - Armor Designer,character,007,96,zri-3,static,YOU CAN BE WAY MORE,unsupported_targeting
unsupported_targeting,target,selector,unsupported_targeting,rKO,Hiro Hamada - Armor Designer,character,007,96,zri-3,static,YOU CAN BE WAY MORE,unsupported_targeting
unsupported_targeting,ability,static,unsupported_targeting,dNZ,Hiro Hamada - Armor Designer,character,007,214,zri-2,static,YOU CAN BE WAY MORE,unsupported_targeting
unsupported_targeting,effect,gain-keyword,unsupported_targeting,dNZ,Hiro Hamada - Armor Designer,character,007,214,zri-2,static,YOU CAN BE WAY MORE,unsupported_targeting
unsupported_targeting,target,selector,unsupported_targeting,dNZ,Hiro Hamada - Armor Designer,character,007,214,zri-2,static,YOU CAN BE WAY MORE,unsupported_targeting
unsupported_targeting,ability,static,unsupported_targeting,dNZ,Hiro Hamada - Armor Designer,character,007,214,zri-3,static,YOU CAN BE WAY MORE,unsupported_targeting
unsupported_targeting,effect,gain-keyword,unsupported_targeting,dNZ,Hiro Hamada - Armor Designer,character,007,214,zri-3,static,YOU CAN BE WAY MORE,unsupported_targeting
unsupported_targeting,target,selector,unsupported_targeting,dNZ,Hiro Hamada - Armor Designer,character,007,214,zri-3,static,YOU CAN BE WAY MORE,unsupported_targeting
unsupported_choice,ability,triggered,unsupported_choice,oc8,King Candy - Royal Racer,character,007,20,oc8-1,triggered,SWEET REVENGE,unsupported_choice
unsupported_choice,effect,for-each-opponent,unsupported_choice,oc8,King Candy - Royal Racer,character,007,20,oc8-1,triggered,SWEET REVENGE,unsupported_choice
mapped_not_executable,ability,replacement,mapped_not_executable,5gf,Kronk - Laid Back,character,007,63,im-lovin-this,replacement,I'M LOVIN' THIS,mapped_not_executable
mapped_not_executable,ability,static,mapped_not_executable,8NZ,Li Shang - Newly Promoted,character,007,133,1s1-1,static,I WON'T LET YOU DOWN,mapped_not_executable
unsupported_targeting,ability,triggered,unsupported_targeting,75X,Madame Medusa - Diamond Lover,character,007,53,13m-1,triggered,SEARCH THE SWAMP,unsupported_targeting
unsupported_targeting,effect,optional,unsupported_targeting,75X,Madame Medusa - Diamond Lover,character,007,53,13m-1,triggered,SEARCH THE SWAMP,unsupported_targeting
unsupported_targeting,effect,sequence,unsupported_targeting,75X,Madame Medusa - Diamond Lover,character,007,53,13m-1,triggered,SEARCH THE SWAMP,unsupported_targeting
unsupported_targeting,effect,deal-damage,unsupported_targeting,75X,Madame Medusa - Diamond Lover,character,007,53,13m-1,triggered,SEARCH THE SWAMP,unsupported_targeting
unsupported_targeting,target,object,unsupported_targeting,75X,Madame Medusa - Diamond Lover,character,007,53,13m-1,triggered,SEARCH THE SWAMP,unsupported_targeting
unsupported_engine_mechanic,effect,mill,unsupported_engine_mechanic,75X,Madame Medusa - Diamond Lover,character,007,53,13m-1,triggered,SEARCH THE SWAMP,unsupported_targeting
unsupported_targeting,ability,static,unsupported_targeting,II0,Maid Marian - Badminton Ace,character,007,176,6at-2,static,FAIR PLAY,unsupported_targeting
unsupported_targeting,effect,gain-keyword,unsupported_targeting,II0,Maid Marian - Badminton Ace,character,007,176,6at-2,static,FAIR PLAY,unsupported_targeting
unsupported_targeting,target,selector,unsupported_targeting,II0,Maid Marian - Badminton Ace,character,007,176,6at-2,static,FAIR PLAY,unsupported_targeting
unsupported_targeting,ability,static,unsupported_targeting,YLV,Mattias - Arendelle General,character,007,155,f9s-1,static,PROUD TO SERVE,unsupported_targeting
unsupported_targeting,effect,gain-keyword,unsupported_targeting,YLV,Mattias - Arendelle General,character,007,155,f9s-1,static,PROUD TO SERVE,unsupported_targeting
unsupported_targeting,target,alias,unsupported_targeting,YLV,Mattias - Arendelle General,character,007,155,f9s-1,static,PROUD TO SERVE,unsupported_targeting
unsupported_choice,ability,triggered,unsupported_choice,qhP,Merlin - Clever Clairvoyant,character,007,67,1c1-1,triggered,PRESTIDIGITONIUM,unsupported_choice
unsupported_choice,effect,sequence,unsupported_choice,qhP,Merlin - Clever Clairvoyant,character,007,67,1c1-1,triggered,PRESTIDIGITONIUM,unsupported_choice
unsupported_choice,effect,name-a-card,unsupported_choice,qhP,Merlin - Clever Clairvoyant,character,007,67,1c1-1,triggered,PRESTIDIGITONIUM,unsupported_choice
unsupported_targeting,ability,static,unsupported_targeting,uxF,Perdita - Playful Mother,character,007,2,ehi-2,static,DON'T BE AFRAID,unsupported_targeting
unsupported_targeting,effect,gain-keyword,unsupported_targeting,uxF,Perdita - Playful Mother,character,007,2,ehi-2,static,DON'T BE AFRAID,unsupported_targeting
unsupported_targeting,target,alias,unsupported_targeting,uxF,Perdita - Playful Mother,character,007,2,ehi-2,static,DON'T BE AFRAID,unsupported_targeting
unsupported_targeting,ability,triggered,unsupported_targeting,aPy,Roger Radcliffe - Dog Lover,character,007,5,1t4-1,triggered,THERE YOU GO,unsupported_targeting
unsupported_targeting,effect,optional,unsupported_targeting,aPy,Roger Radcliffe - Dog Lover,character,007,5,1t4-1,triggered,THERE YOU GO,unsupported_targeting
unsupported_targeting,effect,remove-damage,unsupported_targeting,aPy,Roger Radcliffe - Dog Lover,character,007,5,1t4-1,triggered,THERE YOU GO,unsupported_targeting
unsupported_targeting,target,alias,unsupported_targeting,aPy,Roger Radcliffe - Dog Lover,character,007,5,1t4-1,triggered,THERE YOU GO,unsupported_targeting
unsupported_targeting,ability,activated,unsupported_targeting,J3O,The Queen - Jealous Beauty,character,007,74,ce7-1,activated,NO ORDINARY APPLE,unsupported_targeting
unsupported_targeting,effect,sequence,unsupported_targeting,J3O,The Queen - Jealous Beauty,character,007,74,ce7-1,activated,NO ORDINARY APPLE,unsupported_targeting
unsupported_targeting,effect,put-on-bottom,unsupported_targeting,J3O,The Queen - Jealous Beauty,character,007,74,ce7-1,activated,NO ORDINARY APPLE,unsupported_targeting
unsupported_targeting,target,selector,unsupported_targeting,J3O,The Queen - Jealous Beauty,character,007,74,ce7-1,activated,NO ORDINARY APPLE,unsupported_targeting
unsupported_condition,effect,conditional,unsupported_condition,J3O,The Queen - Jealous Beauty,character,007,74,ce7-1,activated,NO ORDINARY APPLE,unsupported_targeting
unsupported_condition,effect_condition,returned-card-is-princess,unsupported_condition,J3O,The Queen - Jealous Beauty,character,007,74,ce7-1,activated,NO ORDINARY APPLE,unsupported_targeting
unsupported_targeting,ability,triggered,unsupported_targeting,JoL,Yzma - Above It All,character,007,68,JoL-3,triggered,BACK TO WORK,unsupported_targeting
unsupported_targeting,effect,sequence,unsupported_targeting,JoL,Yzma - Above It All,character,007,68,JoL-3,triggered,BACK TO WORK,unsupported_targeting
unsupported_targeting,effect,discard,unsupported_targeting,JoL,Yzma - Above It All,character,007,68,JoL-3,triggered,BACK TO WORK,unsupported_targeting
unsupported_targeting,target,alias,unsupported_targeting,JoL,Yzma - Above It All,character,007,68,JoL-3,triggered,BACK TO WORK,unsupported_targeting
unsupported_targeting,ability,action,unsupported_targeting,OTu,All Is Found,action,007,178,138-1,action,,unsupported_targeting
unsupported_targeting,effect,put-into-inkwell,unsupported_targeting,OTu,All Is Found,action,007,178,138-1,action,,unsupported_targeting
unsupported_targeting,target,selector,unsupported_targeting,OTu,All Is Found,action,007,178,138-1,action,,unsupported_targeting
unsupported_targeting,ability,action,unsupported_targeting,Zf7,All Is Found,action,007,220,138-1,action,,unsupported_targeting
unsupported_targeting,effect,put-into-inkwell,unsupported_targeting,Zf7,All Is Found,action,007,220,138-1,action,,unsupported_targeting
unsupported_targeting,target,selector,unsupported_targeting,Zf7,All Is Found,action,007,220,138-1,action,,unsupported_targeting
unsupported_engine_mechanic,ability,action,unsupported_engine_mechanic,X4B,Restoring the Crown,action,007,83,1ss-1,action,,unsupported_engine_mechanic
unsupported_engine_mechanic,effect,sequence,unsupported_engine_mechanic,X4B,Restoring the Crown,action,007,83,1ss-1,action,,unsupported_engine_mechanic
unsupported_engine_mechanic,effect,create-triggered-ability,unsupported_engine_mechanic,X4B,Restoring the Crown,action,007,83,1ss-1,action,,unsupported_engine_mechanic
unsupported_targeting,ability,action,unsupported_targeting,PpP,Restoring the Heart,action,007,39,inl-1,action,,unsupported_targeting
unsupported_targeting,effect,sequence,unsupported_targeting,PpP,Restoring the Heart,action,007,39,inl-1,action,,unsupported_targeting
unsupported_targeting,effect,remove-damage,unsupported_targeting,PpP,Restoring the Heart,action,007,39,inl-1,action,,unsupported_targeting
unsupported_targeting,target,alias,unsupported_targeting,PpP,Restoring the Heart,action,007,39,inl-1,action,,unsupported_targeting
unsupported_choice,ability,action,unsupported_choice,yAe,The Return of Hercules,action,007,118,nej-1,action,,unsupported_choice
unsupported_choice,effect,sequence,unsupported_choice,yAe,The Return of Hercules,action,007,118,nej-1,action,,unsupported_choice
unsupported_choice,effect,optional,unsupported_choice,yAe,The Return of Hercules,action,007,118,nej-1,action,,unsupported_choice
unsupported_choice,ability,action,unsupported_choice,44M,The Return of Hercules,action,007,215,nej-1,action,,unsupported_choice
unsupported_choice,effect,sequence,unsupported_choice,44M,The Return of Hercules,action,007,215,nej-1,action,,unsupported_choice
unsupported_choice,effect,optional,unsupported_choice,44M,The Return of Hercules,action,007,215,nej-1,action,,unsupported_choice
unsupported_cost,ability,activated,unsupported_cost,QwH,The Glass Slipper,item,007,44,j91-1,activated,SEARCH THE KINGDOM,unsupported_cost
unsupported_cost,cost,exertCharacters,unsupported_cost,QwH,The Glass Slipper,item,007,44,j91-1,activated,SEARCH THE KINGDOM,unsupported_cost
unsupported_cost,cost,exertCharactersClassification,unsupported_cost,QwH,The Glass Slipper,item,007,44,j91-1,activated,SEARCH THE KINGDOM,unsupported_cost
unsupported_cost,ability,activated,unsupported_cost,DD1,The Glass Slipper,item,007,208,j91-1,activated,SEARCH THE KINGDOM,unsupported_cost
unsupported_cost,cost,exertCharacters,unsupported_cost,DD1,The Glass Slipper,item,007,208,j91-1,activated,SEARCH THE KINGDOM,unsupported_cost
unsupported_cost,cost,exertCharactersClassification,unsupported_cost,DD1,The Glass Slipper,item,007,208,j91-1,activated,SEARCH THE KINGDOM,unsupported_cost
unsupported_targeting,ability,triggered,unsupported_targeting,3AG,Captain Hook - The Pirate King,character,008,109,1na-2,triggered,GIVE ‘EM ALL YOU GOT!,unsupported_targeting
unsupported_targeting,effect,sequence,unsupported_targeting,3AG,Captain Hook - The Pirate King,character,008,109,1na-2,triggered,GIVE ‘EM ALL YOU GOT!,unsupported_targeting
unsupported_targeting,effect,modify-stat,unsupported_targeting,3AG,Captain Hook - The Pirate King,character,008,109,1na-2,triggered,GIVE ‘EM ALL YOU GOT!,unsupported_targeting
unsupported_targeting,target,alias,unsupported_targeting,3AG,Captain Hook - The Pirate King,character,008,109,1na-2,triggered,GIVE ‘EM ALL YOU GOT!,unsupported_targeting
unsupported_targeting,effect,gain-keyword,unsupported_targeting,3AG,Captain Hook - The Pirate King,character,008,109,1na-2,triggered,GIVE ‘EM ALL YOU GOT!,unsupported_targeting
unsupported_targeting,target,alias,unsupported_targeting,3AG,Captain Hook - The Pirate King,character,008,109,1na-2,triggered,GIVE ‘EM ALL YOU GOT!,unsupported_targeting
unsupported_targeting,ability,triggered,unsupported_targeting,mT7,Captain Hook - The Pirate King,character,008,215,1na-2,triggered,GIVE ‘EM ALL YOU GOT!,unsupported_targeting
unsupported_targeting,effect,sequence,unsupported_targeting,mT7,Captain Hook - The Pirate King,character,008,215,1na-2,triggered,GIVE ‘EM ALL YOU GOT!,unsupported_targeting
unsupported_targeting,effect,modify-stat,unsupported_targeting,mT7,Captain Hook - The Pirate King,character,008,215,1na-2,triggered,GIVE ‘EM ALL YOU GOT!,unsupported_targeting
unsupported_targeting,target,alias,unsupported_targeting,mT7,Captain Hook - The Pirate King,character,008,215,1na-2,triggered,GIVE ‘EM ALL YOU GOT!,unsupported_targeting
unsupported_targeting,effect,gain-keyword,unsupported_targeting,mT7,Captain Hook - The Pirate King,character,008,215,1na-2,triggered,GIVE ‘EM ALL YOU GOT!,unsupported_targeting
unsupported_targeting,target,alias,unsupported_targeting,mT7,Captain Hook - The Pirate King,character,008,215,1na-2,triggered,GIVE ‘EM ALL YOU GOT!,unsupported_targeting
unsupported_targeting,ability,static,unsupported_targeting,Nrd,Figaro - Tuxedo Cat,character,008,133,1w3-1,static,PLAYFULNESS,unsupported_targeting
unsupported_targeting,effect,restriction,unsupported_targeting,Nrd,Figaro - Tuxedo Cat,character,008,133,1w3-1,static,PLAYFULNESS,unsupported_targeting
unsupported_targeting,target,alias,unsupported_targeting,Nrd,Figaro - Tuxedo Cat,character,008,133,1w3-1,static,PLAYFULNESS,unsupported_targeting
unsupported_choice,ability,triggered,unsupported_choice,gxV,Flynn Rider - Breaking and Entering,character,008,102,o9w-1,triggered,THIS IS A VERY BIG DAY,unsupported_choice
unsupported_choice,effect,or,unsupported_choice,gxV,Flynn Rider - Breaking and Entering,character,008,102,o9w-1,triggered,THIS IS A VERY BIG DAY,unsupported_choice
unsupported_engine_mechanic,ability,triggered,unsupported_engine_mechanic,Hxd,Fred - Giant-Sized,character,008,98,1d3-2,triggered,I LIKE WHERE THIS IS HEADING,unsupported_engine_mechanic
unsupported_engine_mechanic,effect,reveal-until-match,unsupported_engine_mechanic,Hxd,Fred - Giant-Sized,character,008,98,1d3-2,triggered,I LIKE WHERE THIS IS HEADING,unsupported_engine_mechanic
unsupported_condition,ability,triggered,unsupported_condition,i56,Jafar - High Sultan of Lorcana,character,008,74,mfw-1,triggered,DARK POWER,unsupported_condition
unsupported_condition,effect,optional,unsupported_condition,i56,Jafar - High Sultan of Lorcana,character,008,74,mfw-1,triggered,DARK POWER,unsupported_condition
unsupported_condition,effect,sequence,unsupported_condition,i56,Jafar - High Sultan of Lorcana,character,008,74,mfw-1,triggered,DARK POWER,unsupported_condition
unsupported_condition,effect,conditional,unsupported_condition,i56,Jafar - High Sultan of Lorcana,character,008,74,mfw-1,triggered,DARK POWER,unsupported_condition
unsupported_condition,effect_condition,discarded-card-has-classification,unsupported_condition,i56,Jafar - High Sultan of Lorcana,character,008,74,mfw-1,triggered,DARK POWER,unsupported_condition
unsupported_choice,ability,triggered,unsupported_choice,uQg,Kuzco - Impulsive Llama,character,008,67,1p1-2,triggered,WHAT DOES THIS DO?,unsupported_choice
unsupported_choice,effect,sequence,unsupported_choice,uQg,Kuzco - Impulsive Llama,character,008,67,1p1-2,triggered,WHAT DOES THIS DO?,unsupported_choice
unsupported_choice,ability,triggered,unsupported_choice,PjW,Kuzco - Impulsive Llama,character,008,210,1p1-2,triggered,WHAT DOES THIS DO?,unsupported_choice
unsupported_choice,effect,sequence,unsupported_choice,PjW,Kuzco - Impulsive Llama,character,008,210,1p1-2,triggered,WHAT DOES THIS DO?,unsupported_choice
unsupported_cost,ability,activated,unsupported_cost,Peq,LeFou - Cake Thief,character,008,138,13j-1,activated,ALL FOR ME,unsupported_cost
unsupported_cost,cost,banishItem,unsupported_cost,Peq,LeFou - Cake Thief,character,008,138,13j-1,activated,ALL FOR ME,unsupported_cost
mapped_not_executable,ability,static,mapped_not_executable,rMw,Mad Dog - Karnage's First Mate,character,008,93,19p-1,static,"ARE YOU SURE THIS IS SAFE, CAPTAIN?",mapped_not_executable
unsupported_targeting,ability,triggered,unsupported_targeting,axI,Maui - Stubborn Trickster,character,008,110,axI-1,triggered,I'M NOT FINISHED YET,unsupported_targeting
unsupported_targeting,effect,choice,unsupported_targeting,axI,Maui - Stubborn Trickster,character,008,110,axI-1,triggered,I'M NOT FINISHED YET,unsupported_targeting
unsupported_targeting,effect,banish,unsupported_targeting,axI,Maui - Stubborn Trickster,character,008,110,axI-1,triggered,I'M NOT FINISHED YET,unsupported_targeting
unsupported_targeting,target,alias,unsupported_targeting,axI,Maui - Stubborn Trickster,character,008,110,axI-1,triggered,I'M NOT FINISHED YET,unsupported_targeting
unsupported_targeting,effect,banish,unsupported_targeting,axI,Maui - Stubborn Trickster,character,008,110,axI-1,triggered,I'M NOT FINISHED YET,unsupported_targeting
unsupported_targeting,target,alias,unsupported_targeting,axI,Maui - Stubborn Trickster,character,008,110,axI-1,triggered,I'M NOT FINISHED YET,unsupported_targeting
mapped_not_executable,ability,static,mapped_not_executable,t5R,Minnie Mouse - Daring Defender,character,008,6,7k3-2,static,TRUE VALOR,mapped_not_executable
unsupported_targeting,ability,triggered,unsupported_targeting,hyF,Mirabel Madrigal - Curious Child,character,008,10,191-1,triggered,YOU ARE A WONDER,unsupported_targeting
unsupported_targeting,effect,optional,unsupported_targeting,hyF,Mirabel Madrigal - Curious Child,character,008,10,191-1,triggered,YOU ARE A WONDER,unsupported_targeting
unsupported_targeting,effect,sequence,unsupported_targeting,hyF,Mirabel Madrigal - Curious Child,character,008,10,191-1,triggered,YOU ARE A WONDER,unsupported_targeting
unsupported_targeting,effect,select-target,unsupported_targeting,hyF,Mirabel Madrigal - Curious Child,character,008,10,191-1,triggered,YOU ARE A WONDER,unsupported_targeting
unsupported_targeting,target,selector,unsupported_targeting,hyF,Mirabel Madrigal - Curious Child,character,008,10,191-1,triggered,YOU ARE A WONDER,unsupported_targeting
unsupported_cost,ability,activated,unsupported_cost,XCS,Mrs. Potts - Head Housekeeper,character,008,161,cpn-1,activated,CLEAN UP,unsupported_cost
unsupported_cost,cost,banishItem,unsupported_cost,XCS,Mrs. Potts - Head Housekeeper,character,008,161,cpn-1,activated,CLEAN UP,unsupported_cost
mapped_not_executable,ability,static,mapped_not_executable,KZj,Mulan - Charging Ahead,character,008,141,17c-3,static,LONG RANGE,mapped_not_executable
unsupported_targeting,ability,triggered,unsupported_targeting,dhS,Mushu - Your Worst Nightmare,character,008,142,qm5-2,triggered,ALL FIRED UP,unsupported_targeting
unsupported_targeting,effect,sequence,unsupported_targeting,dhS,Mushu - Your Worst Nightmare,character,008,142,qm5-2,triggered,ALL FIRED UP,unsupported_targeting
unsupported_targeting,effect,gain-keyword,unsupported_targeting,dhS,Mushu - Your Worst Nightmare,character,008,142,qm5-2,triggered,ALL FIRED UP,unsupported_targeting
unsupported_targeting,target,alias,unsupported_targeting,dhS,Mushu - Your Worst Nightmare,character,008,142,qm5-2,triggered,ALL FIRED UP,unsupported_targeting
unsupported_targeting,effect,gain-keyword,unsupported_targeting,dhS,Mushu - Your Worst Nightmare,character,008,142,qm5-2,triggered,ALL FIRED UP,unsupported_targeting
unsupported_targeting,target,alias,unsupported_targeting,dhS,Mushu - Your Worst Nightmare,character,008,142,qm5-2,triggered,ALL FIRED UP,unsupported_targeting
unsupported_targeting,effect,gain-keyword,unsupported_targeting,dhS,Mushu - Your Worst Nightmare,character,008,142,qm5-2,triggered,ALL FIRED UP,unsupported_targeting
unsupported_targeting,target,alias,unsupported_targeting,dhS,Mushu - Your Worst Nightmare,character,008,142,qm5-2,triggered,ALL FIRED UP,unsupported_targeting
unsupported_targeting,ability,triggered,unsupported_targeting,Wzv,Mushu - Your Worst Nightmare,character,008,218,qm5-2,triggered,ALL FIRED UP,unsupported_targeting
unsupported_targeting,effect,sequence,unsupported_targeting,Wzv,Mushu - Your Worst Nightmare,character,008,218,qm5-2,triggered,ALL FIRED UP,unsupported_targeting
unsupported_targeting,effect,gain-keyword,unsupported_targeting,Wzv,Mushu - Your Worst Nightmare,character,008,218,qm5-2,triggered,ALL FIRED UP,unsupported_targeting
unsupported_targeting,target,alias,unsupported_targeting,Wzv,Mushu - Your Worst Nightmare,character,008,218,qm5-2,triggered,ALL FIRED UP,unsupported_targeting
unsupported_targeting,effect,gain-keyword,unsupported_targeting,Wzv,Mushu - Your Worst Nightmare,character,008,218,qm5-2,triggered,ALL FIRED UP,unsupported_targeting
unsupported_targeting,target,alias,unsupported_targeting,Wzv,Mushu - Your Worst Nightmare,character,008,218,qm5-2,triggered,ALL FIRED UP,unsupported_targeting
unsupported_targeting,effect,gain-keyword,unsupported_targeting,Wzv,Mushu - Your Worst Nightmare,character,008,218,qm5-2,triggered,ALL FIRED UP,unsupported_targeting
unsupported_targeting,target,alias,unsupported_targeting,Wzv,Mushu - Your Worst Nightmare,character,008,218,qm5-2,triggered,ALL FIRED UP,unsupported_targeting
mapped_not_executable,ability,static,mapped_not_executable,Gsh,Namaari - Single-Minded Rival,character,008,198,xx2-2,static,EXTREME FOCUS,mapped_not_executable
unsupported_targeting,ability,static,unsupported_targeting,3b6,Nani - Heist Mastermind,character,008,165,d2e-2,static,"IT'S UP TO YOU, LILO",unsupported_targeting
unsupported_targeting,effect,gain-keyword,unsupported_targeting,3b6,Nani - Heist Mastermind,character,008,165,d2e-2,static,"IT'S UP TO YOU, LILO",unsupported_targeting
unsupported_targeting,target,selector,unsupported_targeting,3b6,Nani - Heist Mastermind,character,008,165,d2e-2,static,"IT'S UP TO YOU, LILO",unsupported_targeting
unsupported_engine_mechanic,ability,static,unsupported_engine_mechanic,mAf,Nathaniel Flint - Notorious Pirate,character,008,196,1ub-1,static,PREDATORY INSTINCT,unsupported_engine_mechanic
unsupported_engine_mechanic,effect,self-play-condition,unsupported_engine_mechanic,mAf,Nathaniel Flint - Notorious Pirate,character,008,196,1ub-1,static,PREDATORY INSTINCT,unsupported_engine_mechanic
mapped_not_executable,ability,static,mapped_not_executable,Bfj,The Dodo - Outlandish Storyteller,character,008,126,dac-1,static,EXTRAORDINARY SITUATION,mapped_not_executable
unsupported_cost,ability,activated,unsupported_cost,MRR,The Wardrobe - Perceptive Friend,character,008,160,s0r-1,activated,I HAVE JUST THE THING!,unsupported_cost
unsupported_cost,cost,discardCardType,unsupported_cost,MRR,The Wardrobe - Perceptive Friend,character,008,160,s0r-1,activated,I HAVE JUST THE THING!,unsupported_cost
mapped_not_executable,ability,static,mapped_not_executable,ogS,Zipper - Flying Ranger,character,008,192,8ix-1,static,BEST MATES,mapped_not_executable
unsupported_engine_mechanic,ability,action,unsupported_engine_mechanic,Zzh,Candy Drift,action,008,39,18h-1,action,,unsupported_engine_mechanic
unsupported_engine_mechanic,effect,sequence,unsupported_engine_mechanic,Zzh,Candy Drift,action,008,39,18h-1,action,,unsupported_engine_mechanic
unsupported_engine_mechanic,effect,create-triggered-ability,unsupported_engine_mechanic,Zzh,Candy Drift,action,008,39,18h-1,action,,unsupported_engine_mechanic
unsupported_targeting,ability,action,unsupported_targeting,41j,Heads Held High,action,008,175,x39-1,action,,unsupported_targeting
unsupported_targeting,effect,sequence,unsupported_targeting,41j,Heads Held High,action,008,175,x39-1,action,,unsupported_targeting
unsupported_targeting,effect,remove-damage,unsupported_targeting,41j,Heads Held High,action,008,175,x39-1,action,,unsupported_targeting
unsupported_targeting,target,selector,unsupported_targeting,41j,Heads Held High,action,008,175,x39-1,action,,unsupported_targeting
unsupported_cost,ability,activated,unsupported_cost,FEr,Belle's Favorite Book,item,008,179,1gu-1,activated,CHAPTER THREE,unsupported_cost
unsupported_cost,cost,banishItem,unsupported_cost,FEr,Belle's Favorite Book,item,008,179,1gu-1,activated,CHAPTER THREE,unsupported_cost
unsupported_targeting,ability,triggered,unsupported_targeting,VyL,Chem Purse,item,008,119,1ea-1,triggered,HERE'S THE BEST PART,unsupported_targeting
unsupported_targeting,effect,modify-stat,unsupported_targeting,VyL,Chem Purse,item,008,119,1ea-1,triggered,HERE'S THE BEST PART,unsupported_targeting
unsupported_targeting,target,selector,unsupported_targeting,VyL,Chem Purse,item,008,119,1ea-1,triggered,HERE'S THE BEST PART,unsupported_targeting
unsupported_cost,ability,activated,unsupported_cost,8S0,The Sword of Shan-Yu,item,008,152,1wb-1,activated,WORTHY WEAPON,unsupported_cost
unsupported_cost,cost,exertCharacters,unsupported_cost,8S0,The Sword of Shan-Yu,item,008,152,1wb-1,activated,WORTHY WEAPON,unsupported_cost
unsupported_cost,ability,activated,unsupported_cost,Llh,The Sword of Shan-Yu,item,008,219,1wb-1,activated,WORTHY WEAPON,unsupported_cost
unsupported_cost,cost,exertCharacters,unsupported_cost,Llh,The Sword of Shan-Yu,item,008,219,1wb-1,activated,WORTHY WEAPON,unsupported_cost
unsupported_choice,ability,activated,unsupported_choice,Plh,Bruno Madrigal - Undetected Uncle,character,009,,13f-2,activated,YOU JUST HAVE TO SEE IT,unsupported_choice
unsupported_choice,effect,sequence,unsupported_choice,Plh,Bruno Madrigal - Undetected Uncle,character,009,,13f-2,activated,YOU JUST HAVE TO SEE IT,unsupported_choice
unsupported_choice,effect,name-a-card,unsupported_choice,Plh,Bruno Madrigal - Undetected Uncle,character,009,,13f-2,activated,YOU JUST HAVE TO SEE IT,unsupported_choice
unsupported_choice,ability,triggered,unsupported_choice,op2,Donald Duck - Perfect Gentleman,character,009,85,wjj-3,triggered,ALLOW ME,unsupported_choice
unsupported_choice,effect,optional,unsupported_choice,op2,Donald Duck - Perfect Gentleman,character,009,85,wjj-3,triggered,ALLOW ME,unsupported_choice
mapped_not_executable,ability,static,mapped_not_executable,JlP,Dumbo - Ninth Wonder of the Universe,character,009,45,181-3,static,MAKING HISTORY,mapped_not_executable
mapped_not_executable,ability,static,mapped_not_executable,cqc,Dumbo - Ninth Wonder of the Universe,character,009,228,181-3,static,MAKING HISTORY,mapped_not_executable
unsupported_engine_mechanic,ability,static,unsupported_engine_mechanic,yMt,Mulan - Injured Soldier,character,009,125,1g0-1,static,BATTLE WOUND,unsupported_engine_mechanic
unsupported_engine_mechanic,effect,enters-with-damage,unsupported_engine_mechanic,yMt,Mulan - Injured Soldier,character,009,125,1g0-1,static,BATTLE WOUND,unsupported_engine_mechanic
unsupported_targeting,ability,static,unsupported_targeting,ee3,Philoctetes - No-Nonsense Instructor,character,009,171,1r4-1,static,YOU GOTTA STAY FOCUSED,unsupported_targeting
unsupported_targeting,effect,gain-keyword,unsupported_targeting,ee3,Philoctetes - No-Nonsense Instructor,character,009,171,1r4-1,static,YOU GOTTA STAY FOCUSED,unsupported_targeting
unsupported_targeting,target,alias,unsupported_targeting,ee3,Philoctetes - No-Nonsense Instructor,character,009,171,1r4-1,static,YOU GOTTA STAY FOCUSED,unsupported_targeting
unsupported_targeting,ability,static,unsupported_targeting,zIZ,Prince Phillip - Warden of the Woods,character,009,72,1kf-1,static,SHINING BEACON,unsupported_targeting
unsupported_targeting,effect,gain-keyword,unsupported_targeting,zIZ,Prince Phillip - Warden of the Woods,character,009,72,1kf-1,static,SHINING BEACON,unsupported_targeting
unsupported_targeting,target,alias,unsupported_targeting,zIZ,Prince Phillip - Warden of the Woods,character,009,72,1kf-1,static,SHINING BEACON,unsupported_targeting
unsupported_targeting,ability,triggered,unsupported_targeting,WVh,Tuk Tuk - Lively Partner,character,009,129,PQN-2,triggered,ON A ROLL,unsupported_targeting
unsupported_targeting,effect,optional,unsupported_targeting,WVh,Tuk Tuk - Lively Partner,character,009,129,PQN-2,triggered,ON A ROLL,unsupported_targeting
unsupported_targeting,effect,sequence,unsupported_targeting,WVh,Tuk Tuk - Lively Partner,character,009,129,PQN-2,triggered,ON A ROLL,unsupported_targeting
unsupported_targeting,effect,modify-stat,unsupported_targeting,WVh,Tuk Tuk - Lively Partner,character,009,129,PQN-2,triggered,ON A ROLL,unsupported_targeting
unsupported_targeting,target,object,unsupported_targeting,WVh,Tuk Tuk - Lively Partner,character,009,129,PQN-2,triggered,ON A ROLL,unsupported_targeting
unsupported_engine_mechanic,ability,static,unsupported_engine_mechanic,WHL,Atlantica - Concert Hall,location,009,34,6b5-1,static,UNDERWATER ACOUSTICS,unsupported_engine_mechanic
unsupported_engine_mechanic,effect,property-modification,unsupported_engine_mechanic,WHL,Atlantica - Concert Hall,location,009,34,6b5-1,static,UNDERWATER ACOUSTICS,unsupported_engine_mechanic
mapped_not_executable,ability,static,mapped_not_executable,c04,Aladdin - Barreling Through,character,010,123,1tr-3,static,ONLY THE BOLD,mapped_not_executable
mapped_not_executable,ability,static,mapped_not_executable,Rj7,Aladdin - Barreling Through,character,010,216,1tr-3,static,ONLY THE BOLD,mapped_not_executable
unsupported_engine_mechanic,ability,static,unsupported_engine_mechanic,A6f,Chief Bogo - Calling the Shots,character,010,185,A6f-2,static,DEPUTIZE,unsupported_engine_mechanic
unsupported_engine_mechanic,effect,property-modification,unsupported_engine_mechanic,A6f,Chief Bogo - Calling the Shots,character,010,185,A6f-2,static,DEPUTIZE,unsupported_engine_mechanic
unsupported_targeting,ability,static,unsupported_targeting,CLU,Daisy Duck - Sapphire Champion,character,010,158,107-1,static,STAND FAST,unsupported_targeting
unsupported_targeting,effect,gain-keyword,unsupported_targeting,CLU,Daisy Duck - Sapphire Champion,character,010,158,107-1,static,STAND FAST,unsupported_targeting
unsupported_targeting,target,alias,unsupported_targeting,CLU,Daisy Duck - Sapphire Champion,character,010,158,107-1,static,STAND FAST,unsupported_targeting
unsupported_targeting,ability,static,unsupported_targeting,Yk1,Donald Duck - Ruby Champion,character,010,121,Yk1-1,static,HIGH ENERGY,unsupported_targeting
unsupported_targeting,effect,modify-stat,unsupported_targeting,Yk1,Donald Duck - Ruby Champion,character,010,121,Yk1-1,static,HIGH ENERGY,unsupported_targeting
unsupported_targeting,target,selector,unsupported_targeting,Yk1,Donald Duck - Ruby Champion,character,010,121,Yk1-1,static,HIGH ENERGY,unsupported_targeting
unsupported_targeting,ability,static,unsupported_targeting,Yk1,Donald Duck - Ruby Champion,character,010,121,Yk1-2,static,POWERFUL REWARD,unsupported_targeting
unsupported_targeting,effect,modify-stat,unsupported_targeting,Yk1,Donald Duck - Ruby Champion,character,010,121,Yk1-2,static,POWERFUL REWARD,unsupported_targeting
unsupported_targeting,target,selector,unsupported_targeting,Yk1,Donald Duck - Ruby Champion,character,010,121,Yk1-2,static,POWERFUL REWARD,unsupported_targeting
unsupported_engine_mechanic,ability,triggered,unsupported_engine_mechanic,8zy,Duckworth - Ghost Butler,character,010,47,8zy-2,triggered,FINAL ACT,unsupported_engine_mechanic
unsupported_engine_mechanic,effect,optional,unsupported_engine_mechanic,8zy,Duckworth - Ghost Butler,character,010,47,8zy-2,triggered,FINAL ACT,unsupported_engine_mechanic
unsupported_engine_mechanic,effect,put-under,unsupported_engine_mechanic,8zy,Duckworth - Ghost Butler,character,010,47,8zy-2,triggered,FINAL ACT,unsupported_engine_mechanic
unsupported_engine_mechanic,ability,triggered,unsupported_engine_mechanic,Gtk,Emily Quackfaster - Level-Headed Librarian,character,010,80,Gtk-1,triggered,RECOMMENDED READING,unsupported_engine_mechanic
unsupported_engine_mechanic,effect,optional,unsupported_engine_mechanic,Gtk,Emily Quackfaster - Level-Headed Librarian,character,010,80,Gtk-1,triggered,RECOMMENDED READING,unsupported_engine_mechanic
unsupported_engine_mechanic,effect,put-under,unsupported_engine_mechanic,Gtk,Emily Quackfaster - Level-Headed Librarian,character,010,80,Gtk-1,triggered,RECOMMENDED READING,unsupported_engine_mechanic
unsupported_choice,ability,triggered,unsupported_choice,NZ3,Fairy Godmother - Magical Benefactor,character,010,192,45t-2,triggered,STUNNING TRANSFORMATION,unsupported_choice
unsupported_choice,effect,optional,unsupported_choice,NZ3,Fairy Godmother - Magical Benefactor,character,010,192,45t-2,triggered,STUNNING TRANSFORMATION,unsupported_choice
unsupported_choice,effect,sequence,unsupported_choice,NZ3,Fairy Godmother - Magical Benefactor,character,010,192,45t-2,triggered,STUNNING TRANSFORMATION,unsupported_choice
unsupported_choice,effect,conditional,unsupported_choice,NZ3,Fairy Godmother - Magical Benefactor,character,010,192,45t-2,triggered,STUNNING TRANSFORMATION,unsupported_choice
unsupported_targeting,ability,static,unsupported_targeting,ogQ,Goofy - Emerald Champion,character,010,91,bau-2,static,PROVIDE COVER,unsupported_targeting
unsupported_targeting,effect,gain-keyword,unsupported_targeting,ogQ,Goofy - Emerald Champion,character,010,91,bau-2,static,PROVIDE COVER,unsupported_targeting
unsupported_targeting,target,selector,unsupported_targeting,ogQ,Goofy - Emerald Champion,character,010,91,bau-2,static,PROVIDE COVER,unsupported_targeting
unsupported_choice,ability,triggered,unsupported_choice,bDq,Hades - Looking for a Deal,character,010,56,qkg-1,triggered,WHAT D'YA SAY?,unsupported_choice
unsupported_choice,effect,optional,unsupported_choice,bDq,Hades - Looking for a Deal,character,010,56,qkg-1,triggered,WHAT D'YA SAY?,unsupported_choice
unsupported_choice,effect,sequence,unsupported_choice,bDq,Hades - Looking for a Deal,character,010,56,qkg-1,triggered,WHAT D'YA SAY?,unsupported_choice
unsupported_choice,effect,choice,unsupported_choice,bDq,Hades - Looking for a Deal,character,010,56,qkg-1,triggered,WHAT D'YA SAY?,unsupported_choice
unsupported_choice,ability,triggered,unsupported_choice,R01,Hades - Looking for a Deal,character,010,242,qkg-1,triggered,WHAT D'YA SAY?,unsupported_choice
unsupported_choice,effect,optional,unsupported_choice,R01,Hades - Looking for a Deal,character,010,242,qkg-1,triggered,WHAT D'YA SAY?,unsupported_choice
unsupported_choice,effect,sequence,unsupported_choice,R01,Hades - Looking for a Deal,character,010,242,qkg-1,triggered,WHAT D'YA SAY?,unsupported_choice
unsupported_choice,effect,choice,unsupported_choice,R01,Hades - Looking for a Deal,character,010,242,qkg-1,triggered,WHAT D'YA SAY?,unsupported_choice
unsupported_targeting,ability,triggered,unsupported_targeting,EI4,Magica De Spell - Shadowy and Sinister,character,010,41,1l8-1,triggered,DARK INCANTATION,unsupported_targeting
unsupported_targeting,effect,optional,unsupported_targeting,EI4,Magica De Spell - Shadowy and Sinister,character,010,41,1l8-1,triggered,DARK INCANTATION,unsupported_targeting
unsupported_targeting,effect,shuffle-into-deck,unsupported_targeting,EI4,Magica De Spell - Shadowy and Sinister,character,010,41,1l8-1,triggered,DARK INCANTATION,unsupported_targeting
unsupported_targeting,target,selector,unsupported_targeting,EI4,Magica De Spell - Shadowy and Sinister,character,010,41,1l8-1,triggered,DARK INCANTATION,unsupported_targeting
mapped_not_executable,ability,static,mapped_not_executable,YZf,Megara - Secret Keeper,character,010,86,1af-3,static,I'LL BE FINE,mapped_not_executable
mapped_not_executable,ability,static,mapped_not_executable,Sa5,Megara - Secret Keeper,character,010,213,1af-3,static,I'LL BE FINE,mapped_not_executable
unsupported_targeting,ability,static,unsupported_targeting,qnB,Mickey Mouse - Amber Champion,character,010,23,qnB-1,static,LEADING THE WAY,unsupported_targeting
unsupported_targeting,effect,modify-stat,unsupported_targeting,qnB,Mickey Mouse - Amber Champion,character,010,23,qnB-1,static,LEADING THE WAY,unsupported_targeting
unsupported_targeting,target,alias,unsupported_targeting,qnB,Mickey Mouse - Amber Champion,character,010,23,qnB-1,static,LEADING THE WAY,unsupported_targeting
unsupported_choice,ability,triggered,unsupported_choice,65q,Mowgli - Man Cub,character,010,19,65q-1,triggered,HAVE A BETTER LOOK,unsupported_choice
unsupported_choice,effect,sequence,unsupported_choice,65q,Mowgli - Man Cub,character,010,19,65q-1,triggered,HAVE A BETTER LOOK,unsupported_choice
mapped_not_executable,ability,static,mapped_not_executable,bX2,Mulan - Standing Her Ground,character,010,126,bX2-1,static,FLOWING BLADE,mapped_not_executable
mapped_not_executable,ability,static,mapped_not_executable,tWy,Mulan - Standing Her Ground,character,010,215,bX2-1,static,FLOWING BLADE,mapped_not_executable
unsupported_engine_mechanic,ability,static,unsupported_engine_mechanic,Gk5,Raksha - Fearless Mother,character,010,107,Gk5-1,static,ON PATROL,unsupported_engine_mechanic
unsupported_engine_mechanic,effect,move-cost-reduction,unsupported_engine_mechanic,Gk5,Raksha - Fearless Mother,character,010,107,Gk5-1,static,ON PATROL,unsupported_engine_mechanic
unsupported_engine_mechanic,ability,triggered,unsupported_engine_mechanic,rwm,Scrooge McDuck - Cavern Prospector,character,010,18,rwm-2,triggered,SPECULATION,unsupported_engine_mechanic
unsupported_engine_mechanic,effect,optional,unsupported_engine_mechanic,rwm,Scrooge McDuck - Cavern Prospector,character,010,18,rwm-2,triggered,SPECULATION,unsupported_engine_mechanic
unsupported_engine_mechanic,effect,put-under,unsupported_engine_mechanic,rwm,Scrooge McDuck - Cavern Prospector,character,010,18,rwm-2,triggered,SPECULATION,unsupported_engine_mechanic
unsupported_targeting,ability,triggered,unsupported_targeting,NQo,Scrooge McDuck - On the Right Track,character,010,8,ut8-1,triggered,FABULOUS WEALTH,unsupported_targeting
unsupported_targeting,effect,optional,unsupported_targeting,NQo,Scrooge McDuck - On the Right Track,character,010,8,ut8-1,triggered,FABULOUS WEALTH,unsupported_targeting
unsupported_targeting,effect,modify-stat,unsupported_targeting,NQo,Scrooge McDuck - On the Right Track,character,010,8,ut8-1,triggered,FABULOUS WEALTH,unsupported_targeting
unsupported_targeting,target,selector,unsupported_targeting,NQo,Scrooge McDuck - On the Right Track,character,010,8,ut8-1,triggered,FABULOUS WEALTH,unsupported_targeting
unsupported_targeting,ability,action,unsupported_targeting,imz,Search for Clues,action,010,26,ability,action,,unsupported_targeting
unsupported_targeting,effect,sequence,unsupported_targeting,imz,Search for Clues,action,010,26,ability,action,,unsupported_targeting
unsupported_targeting,effect,discard,unsupported_targeting,imz,Search for Clues,action,010,26,ability,action,,unsupported_targeting
unsupported_targeting,target,selector,unsupported_targeting,imz,Search for Clues,action,010,26,ability,action,,unsupported_targeting
unsupported_engine_mechanic,ability,triggered,unsupported_engine_mechanic,Vui,Blessed Bagpipes,item,010,101,1s8-1,triggered,MCDUCK HEIRLOOM,unsupported_engine_mechanic
unsupported_engine_mechanic,effect,optional,unsupported_engine_mechanic,Vui,Blessed Bagpipes,item,010,101,1s8-1,triggered,MCDUCK HEIRLOOM,unsupported_engine_mechanic
unsupported_engine_mechanic,effect,put-under,unsupported_engine_mechanic,Vui,Blessed Bagpipes,item,010,101,1s8-1,triggered,MCDUCK HEIRLOOM,unsupported_engine_mechanic
unsupported_engine_mechanic,ability,activated,unsupported_engine_mechanic,os1,Detective's Badge,item,010,166,os1-1,activated,PROTECT AND SERVE,unsupported_engine_mechanic
unsupported_engine_mechanic,effect,sequence,unsupported_engine_mechanic,os1,Detective's Badge,item,010,166,os1-1,activated,PROTECT AND SERVE,unsupported_engine_mechanic
unsupported_engine_mechanic,effect,property-modification,unsupported_engine_mechanic,os1,Detective's Badge,item,010,166,os1-1,activated,PROTECT AND SERVE,unsupported_engine_mechanic
unsupported_engine_mechanic,ability,activated,unsupported_engine_mechanic,3sY,Recovered Page,item,010,30,1xi-2,activated,WHISPERED POWER,unsupported_engine_mechanic
unsupported_engine_mechanic,effect,put-under,unsupported_engine_mechanic,3sY,Recovered Page,item,010,30,1xi-2,activated,WHISPERED POWER,unsupported_engine_mechanic
unsupported_engine_mechanic,ability,activated,unsupported_engine_mechanic,4V4,The Black Cauldron,item,010,32,4V4-1,activated,THE CAULDRON CALLS,unsupported_engine_mechanic
unsupported_engine_mechanic,effect,put-under,unsupported_engine_mechanic,4V4,The Black Cauldron,item,010,32,4V4-1,activated,THE CAULDRON CALLS,unsupported_engine_mechanic
unsupported_engine_mechanic,ability,activated,unsupported_engine_mechanic,4V4,The Black Cauldron,item,010,32,4V4-2,activated,RISE AND JOIN ME!,unsupported_engine_mechanic
unsupported_engine_mechanic,effect,enable-play-from-under,unsupported_engine_mechanic,4V4,The Black Cauldron,item,010,32,4V4-2,activated,RISE AND JOIN ME!,unsupported_engine_mechanic
unsupported_engine_mechanic,ability,activated,unsupported_engine_mechanic,WLA,The Black Cauldron,item,010,225,4V4-1,activated,THE CAULDRON CALLS,unsupported_engine_mechanic
unsupported_engine_mechanic,effect,put-under,unsupported_engine_mechanic,WLA,The Black Cauldron,item,010,225,4V4-1,activated,THE CAULDRON CALLS,unsupported_engine_mechanic
unsupported_engine_mechanic,ability,activated,unsupported_engine_mechanic,WLA,The Black Cauldron,item,010,225,4V4-2,activated,RISE AND JOIN ME!,unsupported_engine_mechanic
unsupported_engine_mechanic,effect,enable-play-from-under,unsupported_engine_mechanic,WLA,The Black Cauldron,item,010,225,4V4-2,activated,RISE AND JOIN ME!,unsupported_engine_mechanic
unsupported_targeting,ability,triggered,unsupported_targeting,eWQ,Sleepy Hollow - The Bridge,location,010,136,z63-1,triggered,HEAD FOR THE BRIDGE!,unsupported_targeting
unsupported_targeting,effect,optional,unsupported_targeting,eWQ,Sleepy Hollow - The Bridge,location,010,136,z63-1,triggered,HEAD FOR THE BRIDGE!,unsupported_targeting
unsupported_targeting,effect,sequence,unsupported_targeting,eWQ,Sleepy Hollow - The Bridge,location,010,136,z63-1,triggered,HEAD FOR THE BRIDGE!,unsupported_targeting
unsupported_targeting,effect,gain-keyword,unsupported_targeting,eWQ,Sleepy Hollow - The Bridge,location,010,136,z63-1,triggered,HEAD FOR THE BRIDGE!,unsupported_targeting
unsupported_targeting,target,selector,unsupported_targeting,eWQ,Sleepy Hollow - The Bridge,location,010,136,z63-1,triggered,HEAD FOR THE BRIDGE!,unsupported_targeting
mapped_not_executable,ability,static,mapped_not_executable,CGw,The Great Illuminary - Abandoned Laboratory,location,010,68,9qd-1,static,STARTLING DISCOVERY,mapped_not_executable
unsupported_engine_mechanic,ability,triggered,unsupported_engine_mechanic,Sgs,Alice - Well-Read Whisper,character,011,36,1k8-2,triggered,MYSTICAL INSIGHT,unsupported_engine_mechanic
unsupported_engine_mechanic,effect,move-cards-from-under,unsupported_engine_mechanic,Sgs,Alice - Well-Read Whisper,character,011,36,1k8-2,triggered,MYSTICAL INSIGHT,unsupported_engine_mechanic
unsupported_engine_mechanic,ability,static,unsupported_engine_mechanic,BIL,Angela - Night Warrior,character,011,187,BIL-2,static,ETERNAL NIGHT,unsupported_engine_mechanic
unsupported_engine_mechanic,effect,suppress-ability,unsupported_engine_mechanic,BIL,Angela - Night Warrior,character,011,187,BIL-2,static,ETERNAL NIGHT,unsupported_engine_mechanic
unsupported_targeting,ability,triggered,unsupported_targeting,Xmi,Anna - Little Sister,character,011,52,1hf-1,triggered,UNEXPECTED DISCOVERY,unsupported_targeting
unsupported_targeting,effect,optional,unsupported_targeting,Xmi,Anna - Little Sister,character,011,52,1hf-1,triggered,UNEXPECTED DISCOVERY,unsupported_targeting
unsupported_targeting,effect,sequence,unsupported_targeting,Xmi,Anna - Little Sister,character,011,52,1hf-1,triggered,UNEXPECTED DISCOVERY,unsupported_targeting
unsupported_targeting,effect,put-on-bottom,unsupported_targeting,Xmi,Anna - Little Sister,character,011,52,1hf-1,triggered,UNEXPECTED DISCOVERY,unsupported_targeting
unsupported_targeting,target,selector,unsupported_targeting,Xmi,Anna - Little Sister,character,011,52,1hf-1,triggered,UNEXPECTED DISCOVERY,unsupported_targeting
unsupported_targeting,ability,triggered,unsupported_targeting,0ff,Anna - Little Sister,character,011,209,1hf-1,triggered,UNEXPECTED DISCOVERY,unsupported_targeting
unsupported_targeting,effect,optional,unsupported_targeting,0ff,Anna - Little Sister,character,011,209,1hf-1,triggered,UNEXPECTED DISCOVERY,unsupported_targeting
unsupported_targeting,effect,sequence,unsupported_targeting,0ff,Anna - Little Sister,character,011,209,1hf-1,triggered,UNEXPECTED DISCOVERY,unsupported_targeting
unsupported_targeting,effect,put-on-bottom,unsupported_targeting,0ff,Anna - Little Sister,character,011,209,1hf-1,triggered,UNEXPECTED DISCOVERY,unsupported_targeting
unsupported_targeting,target,selector,unsupported_targeting,0ff,Anna - Little Sister,character,011,209,1hf-1,triggered,UNEXPECTED DISCOVERY,unsupported_targeting
unsupported_choice,ability,triggered,unsupported_choice,OZJ,Chernabog - Unnatural Force,character,011,77,1yh-1,triggered,DARK DANCE,unsupported_choice
unsupported_choice,effect,sequence,unsupported_choice,OZJ,Chernabog - Unnatural Force,character,011,77,1yh-1,triggered,DARK DANCE,unsupported_choice
unsupported_choice,effect,conditional,unsupported_choice,OZJ,Chernabog - Unnatural Force,character,011,77,1yh-1,triggered,DARK DANCE,unsupported_choice
unsupported_targeting,ability,triggered,unsupported_targeting,dzM,Copper - Champion of the Forest,character,011,84,11t-2,triggered,MORE TO EXPLORE,unsupported_targeting
unsupported_targeting,effect,modify-stat,unsupported_targeting,dzM,Copper - Champion of the Forest,character,011,84,11t-2,triggered,MORE TO EXPLORE,unsupported_targeting
unsupported_targeting,target,alias,unsupported_targeting,dzM,Copper - Champion of the Forest,character,011,84,11t-2,triggered,MORE TO EXPLORE,unsupported_targeting
mapped_not_executable,ability,static,mapped_not_executable,snt,Darkwing Duck - Cool Under Pressure,character,011,192,snt-3,static,EVILDOERS BEWARE!,mapped_not_executable
mapped_not_executable,ability,static,mapped_not_executable,ihH,Darkwing Duck - Cool Under Pressure,character,011,239,snt-3,static,EVILDOERS BEWARE!,mapped_not_executable
unsupported_engine_mechanic,ability,triggered,unsupported_engine_mechanic,Yde,Donald Duck - Fred Honeywell,character,011,93,Yde-1,triggered,SPIRIT OF GIVING,unsupported_engine_mechanic
unsupported_trigger,trigger,boost,unsupported_trigger,Yde,Donald Duck - Fred Honeywell,character,011,93,Yde-1,triggered,SPIRIT OF GIVING,unsupported_engine_mechanic
unsupported_engine_mechanic,effect,optional,unsupported_engine_mechanic,Yde,Donald Duck - Fred Honeywell,character,011,93,Yde-1,triggered,SPIRIT OF GIVING,unsupported_engine_mechanic
unsupported_engine_mechanic,effect,put-under,unsupported_engine_mechanic,Yde,Donald Duck - Fred Honeywell,character,011,93,Yde-1,triggered,SPIRIT OF GIVING,unsupported_engine_mechanic
unsupported_engine_mechanic,ability,triggered,unsupported_engine_mechanic,A85,Eeyore - In the Way,character,011,45,1ey-2,triggered,SORRY ABOUT THAT,unsupported_engine_mechanic
unsupported_engine_mechanic,effect,for-each-opponent,unsupported_engine_mechanic,A85,Eeyore - In the Way,character,011,45,1ey-2,triggered,SORRY ABOUT THAT,unsupported_engine_mechanic
unsupported_engine_mechanic,ability,triggered,unsupported_engine_mechanic,BB1,Eeyore - In the Way,character,011,226,1ey-2,triggered,SORRY ABOUT THAT,unsupported_engine_mechanic
unsupported_engine_mechanic,effect,for-each-opponent,unsupported_engine_mechanic,BB1,Eeyore - In the Way,character,011,226,1ey-2,triggered,SORRY ABOUT THAT,unsupported_engine_mechanic
unsupported_engine_mechanic,ability,static,unsupported_engine_mechanic,HGB,Elisa Maza - Transformed Gargoyle,character,011,112,153-1,static,FOREVER STRONG,unsupported_engine_mechanic
unsupported_engine_mechanic,effect,stat-floor,unsupported_engine_mechanic,HGB,Elisa Maza - Transformed Gargoyle,character,011,112,153-1,static,FOREVER STRONG,unsupported_engine_mechanic
unsupported_engine_mechanic,ability,static,unsupported_engine_mechanic,nta,Fa Zhou - Honorable Warrior,character,011,110,12j-1,static,BATTLE WOUND,unsupported_engine_mechanic
unsupported_engine_mechanic,effect,enters-with-damage,unsupported_engine_mechanic,nta,Fa Zhou - Honorable Warrior,character,011,110,12j-1,static,BATTLE WOUND,unsupported_engine_mechanic
mapped_not_executable,ability,static,mapped_not_executable,fkH,Genie - Magical Researcher,character,011,49,h4v-2,static,INCREASING WISDOM,mapped_not_executable
mapped_not_executable,ability,static,mapped_not_executable,RUK,Genie - Magical Researcher,character,011,210,h4v-2,static,INCREASING WISDOM,mapped_not_executable
mapped_not_executable,ability,replacement,mapped_not_executable,Vf6,Lilo - Bundled Up,character,011,195,Vf6-1,replacement,EXTRA LAYERS,mapped_not_executable
unsupported_engine_mechanic,ability,triggered,unsupported_engine_mechanic,Dfc,Mickey Mouse - Bob Cratchit,character,011,159,Dfc-1,triggered,HARD WORK,unsupported_engine_mechanic
unsupported_engine_mechanic,effect,put-under,unsupported_engine_mechanic,Dfc,Mickey Mouse - Bob Cratchit,character,011,159,Dfc-1,triggered,HARD WORK,unsupported_engine_mechanic
unsupported_engine_mechanic,ability,triggered,unsupported_engine_mechanic,Dfc,Mickey Mouse - Bob Cratchit,character,011,159,Dfc-2,triggered,A GIVING HEART,unsupported_engine_mechanic
unsupported_engine_mechanic,effect,optional,unsupported_engine_mechanic,Dfc,Mickey Mouse - Bob Cratchit,character,011,159,Dfc-2,triggered,A GIVING HEART,unsupported_engine_mechanic
unsupported_engine_mechanic,effect,move-cards-from-under,unsupported_engine_mechanic,Dfc,Mickey Mouse - Bob Cratchit,character,011,159,Dfc-2,triggered,A GIVING HEART,unsupported_engine_mechanic
unsupported_engine_mechanic,ability,triggered,unsupported_engine_mechanic,sdt,Mickey Mouse - Bob Cratchit,character,011,219,Dfc-1,triggered,HARD WORK,unsupported_engine_mechanic
unsupported_engine_mechanic,effect,put-under,unsupported_engine_mechanic,sdt,Mickey Mouse - Bob Cratchit,character,011,219,Dfc-1,triggered,HARD WORK,unsupported_engine_mechanic
unsupported_engine_mechanic,ability,triggered,unsupported_engine_mechanic,sdt,Mickey Mouse - Bob Cratchit,character,011,219,Dfc-2,triggered,A GIVING HEART,unsupported_engine_mechanic
unsupported_engine_mechanic,effect,optional,unsupported_engine_mechanic,sdt,Mickey Mouse - Bob Cratchit,character,011,219,Dfc-2,triggered,A GIVING HEART,unsupported_engine_mechanic
unsupported_engine_mechanic,effect,move-cards-from-under,unsupported_engine_mechanic,sdt,Mickey Mouse - Bob Cratchit,character,011,219,Dfc-2,triggered,A GIVING HEART,unsupported_engine_mechanic
unsupported_engine_mechanic,ability,triggered,unsupported_engine_mechanic,g4Z,Minnie Mouse - Mrs. Cratchit,character,011,88,18q-2,triggered,A MOTHER’S LOVE,unsupported_engine_mechanic
unsupported_engine_mechanic,effect,sequence,unsupported_engine_mechanic,g4Z,Minnie Mouse - Mrs. Cratchit,character,011,88,18q-2,triggered,A MOTHER’S LOVE,unsupported_engine_mechanic
unsupported_engine_mechanic,effect,optional,unsupported_engine_mechanic,g4Z,Minnie Mouse - Mrs. Cratchit,character,011,88,18q-2,triggered,A MOTHER’S LOVE,unsupported_engine_mechanic
unsupported_engine_mechanic,effect,put-under,unsupported_engine_mechanic,g4Z,Minnie Mouse - Mrs. Cratchit,character,011,88,18q-2,triggered,A MOTHER’S LOVE,unsupported_engine_mechanic
unsupported_engine_mechanic,ability,triggered,unsupported_engine_mechanic,VHR,Minnie Mouse - Mrs. Cratchit,character,011,213,18q-2,triggered,A MOTHER’S LOVE,unsupported_engine_mechanic
unsupported_engine_mechanic,effect,sequence,unsupported_engine_mechanic,VHR,Minnie Mouse - Mrs. Cratchit,character,011,213,18q-2,triggered,A MOTHER’S LOVE,unsupported_engine_mechanic
unsupported_engine_mechanic,effect,optional,unsupported_engine_mechanic,VHR,Minnie Mouse - Mrs. Cratchit,character,011,213,18q-2,triggered,A MOTHER’S LOVE,unsupported_engine_mechanic
unsupported_engine_mechanic,effect,put-under,unsupported_engine_mechanic,VHR,Minnie Mouse - Mrs. Cratchit,character,011,213,18q-2,triggered,A MOTHER’S LOVE,unsupported_engine_mechanic
mapped_not_executable,ability,static,mapped_not_executable,wRv,Moana - Curious Explorer,character,011,155,moana-ce-1,static,ANCESTRAL LEGACY,mapped_not_executable
mapped_not_executable,ability,static,mapped_not_executable,uQE,Moana - Curious Explorer,character,011,242,moana-ce-1,static,ANCESTRAL LEGACY,mapped_not_executable
unsupported_engine_mechanic,ability,triggered,unsupported_engine_mechanic,KXg,Morty Fieldmouse - Tiny Tim,character,011,157,KXg-1,triggered,HOLIDAY SPIRIT,unsupported_engine_mechanic
unsupported_engine_mechanic,effect,put-under,unsupported_engine_mechanic,KXg,Morty Fieldmouse - Tiny Tim,character,011,157,KXg-1,triggered,HOLIDAY SPIRIT,unsupported_engine_mechanic
mapped_not_executable,ability,static,mapped_not_executable,KXg,Morty Fieldmouse - Tiny Tim,character,011,157,KXg-2,static,HOLIDAY CHEER,mapped_not_executable
unsupported_engine_mechanic,ability,activated,unsupported_engine_mechanic,0Bd,Roo - Little Helper,character,011,137,0Bd-1,activated,HOPPING IN,unsupported_engine_mechanic
unsupported_engine_mechanic,effect,put-under,unsupported_engine_mechanic,0Bd,Roo - Little Helper,character,011,137,0Bd-1,activated,HOPPING IN,unsupported_engine_mechanic
mapped_not_executable,ability,static,mapped_not_executable,cXq,Scrooge McDuck - Ghostly Ebenezer,character,011,104,11x-2,static,COUNTING COINS,mapped_not_executable
mapped_not_executable,ability,static,mapped_not_executable,cXq,Scrooge McDuck - Ghostly Ebenezer,character,011,104,11x-3,static,COUNTING COINS,mapped_not_executable
unsupported_engine_mechanic,ability,triggered,unsupported_engine_mechanic,ySs,Scrooge McDuck - Reformed Ebenezer,character,011,152,1yi-2,triggered,SPREADING JOY,unsupported_engine_mechanic
unsupported_engine_mechanic,effect,optional,unsupported_engine_mechanic,ySs,Scrooge McDuck - Reformed Ebenezer,character,011,152,1yi-2,triggered,SPREADING JOY,unsupported_engine_mechanic
unsupported_engine_mechanic,effect,sequence,unsupported_engine_mechanic,ySs,Scrooge McDuck - Reformed Ebenezer,character,011,152,1yi-2,triggered,SPREADING JOY,unsupported_engine_mechanic
unsupported_engine_mechanic,effect,put-under,unsupported_engine_mechanic,ySs,Scrooge McDuck - Reformed Ebenezer,character,011,152,1yi-2,triggered,SPREADING JOY,unsupported_engine_mechanic
unsupported_engine_mechanic,ability,triggered,unsupported_engine_mechanic,RUA,Scrooge McDuck - Reformed Ebenezer,character,011,235,1yi-2,triggered,SPREADING JOY,unsupported_engine_mechanic
unsupported_engine_mechanic,effect,optional,unsupported_engine_mechanic,RUA,Scrooge McDuck - Reformed Ebenezer,character,011,235,1yi-2,triggered,SPREADING JOY,unsupported_engine_mechanic
unsupported_engine_mechanic,effect,sequence,unsupported_engine_mechanic,RUA,Scrooge McDuck - Reformed Ebenezer,character,011,235,1yi-2,triggered,SPREADING JOY,unsupported_engine_mechanic
unsupported_engine_mechanic,effect,put-under,unsupported_engine_mechanic,RUA,Scrooge McDuck - Reformed Ebenezer,character,011,235,1yi-2,triggered,SPREADING JOY,unsupported_engine_mechanic
unsupported_condition,ability,triggered,unsupported_condition,EI1,Widow Tweed - Kindly Soul,character,011,26,i8u-1,triggered,I'VE GOT YOU,unsupported_condition
unsupported_condition,effect,sequence,unsupported_condition,EI1,Widow Tweed - Kindly Soul,character,011,26,i8u-1,triggered,I'VE GOT YOU,unsupported_condition
unsupported_condition,effect,conditional,unsupported_condition,EI1,Widow Tweed - Kindly Soul,character,011,26,i8u-1,triggered,I'VE GOT YOU,unsupported_condition
unsupported_condition,effect_condition,returned-card-is-named,unsupported_condition,EI1,Widow Tweed - Kindly Soul,character,011,26,i8u-1,triggered,I'VE GOT YOU,unsupported_condition
mapped_not_executable,ability,static,mapped_not_executable,C0z,Wreck-it Ralph - Raging Wrecker,character,011,103,2cc-2,static,POWERED UP,mapped_not_executable
unsupported_engine_mechanic,ability,action,unsupported_engine_mechanic,H72,Come Out and Fight!,action,011,62,qk5-1,action,,unsupported_engine_mechanic
unsupported_engine_mechanic,effect,sequence,unsupported_engine_mechanic,H72,Come Out and Fight!,action,011,62,qk5-1,action,,unsupported_engine_mechanic
unsupported_engine_mechanic,effect,move-cards-from-under,unsupported_engine_mechanic,H72,Come Out and Fight!,action,011,62,qk5-1,action,,unsupported_engine_mechanic
unsupported_targeting,target,alias,unsupported_targeting,H72,Come Out and Fight!,action,011,62,qk5-1,action,,unsupported_engine_mechanic
unsupported_choice,ability,action,unsupported_choice,tmK,Do You Want to Build A Snowman?,action,011,61,ability,action,,unsupported_choice
unsupported_choice,effect,choice,unsupported_choice,tmK,Do You Want to Build A Snowman?,action,011,61,ability,action,,unsupported_choice
unsupported_choice,ability,action,unsupported_choice,PQZ,Let's Get Dangerous,action,011,198,w7s-1,action,,unsupported_choice
unsupported_choice,effect,sequence,unsupported_choice,PQZ,Let's Get Dangerous,action,011,198,w7s-1,action,,unsupported_choice
unsupported_choice,effect,scry,unsupported_choice,PQZ,Let's Get Dangerous,action,011,198,w7s-1,action,,unsupported_choice
unsupported_choice,ability,action,unsupported_choice,p0y,Let's Get Dangerous,action,011,240,w7s-1,action,,unsupported_choice
unsupported_choice,effect,sequence,unsupported_choice,p0y,Let's Get Dangerous,action,011,240,w7s-1,action,,unsupported_choice
unsupported_choice,effect,scry,unsupported_choice,p0y,Let's Get Dangerous,action,011,240,w7s-1,action,,unsupported_choice
unsupported_engine_mechanic,ability,action,unsupported_engine_mechanic,RW2,Visiting Christmas Past,action,011,162,z49-1,action,,unsupported_engine_mechanic
unsupported_engine_mechanic,effect,move-cards-from-under,unsupported_engine_mechanic,RW2,Visiting Christmas Past,action,011,162,z49-1,action,,unsupported_engine_mechanic
unsupported_targeting,target,selector,unsupported_targeting,RW2,Visiting Christmas Past,action,011,162,z49-1,action,,unsupported_engine_mechanic
unsupported_engine_mechanic,ability,action,unsupported_engine_mechanic,aZ8,Wisdom of the Willow,action,011,31,1aj-1,action,,unsupported_engine_mechanic
unsupported_engine_mechanic,effect,create-triggered-ability,unsupported_engine_mechanic,aZ8,Wisdom of the Willow,action,011,31,1aj-1,action,,unsupported_engine_mechanic
unsupported_targeting,ability,triggered,unsupported_targeting,uei,Containment Unit,item,011,203,1bl-2,triggered,POWER SUPPLY,unsupported_targeting
unsupported_targeting,effect,or,unsupported_targeting,uei,Containment Unit,item,011,203,1bl-2,triggered,POWER SUPPLY,unsupported_targeting
unsupported_targeting,effect,banish,unsupported_targeting,uei,Containment Unit,item,011,203,1bl-2,triggered,POWER SUPPLY,unsupported_targeting
unsupported_targeting,target,alias,unsupported_targeting,uei,Containment Unit,item,011,203,1bl-2,triggered,POWER SUPPLY,unsupported_targeting
unsupported_targeting,ability,triggered,unsupported_targeting,1U5,John Smith's Compass,item,011,33,13c-1,triggered,SPINNING ARROW,unsupported_targeting
unsupported_targeting,effect,banish,unsupported_targeting,1U5,John Smith's Compass,item,011,33,13c-1,triggered,SPINNING ARROW,unsupported_targeting
unsupported_targeting,target,alias,unsupported_targeting,1U5,John Smith's Compass,item,011,33,13c-1,triggered,SPINNING ARROW,unsupported_targeting
unsupported_engine_mechanic,ability,activated,unsupported_engine_mechanic,NgK,Kristoff's Lute,item,011,133,ycf-1,activated,MOMENT OF INSPIRATION,unsupported_engine_mechanic
unsupported_engine_mechanic,effect,sequence,unsupported_engine_mechanic,NgK,Kristoff's Lute,item,011,133,ycf-1,activated,MOMENT OF INSPIRATION,unsupported_engine_mechanic
unsupported_engine_mechanic,effect,or,unsupported_engine_mechanic,NgK,Kristoff's Lute,item,011,133,ycf-1,activated,MOMENT OF INSPIRATION,unsupported_engine_mechanic
unsupported_engine_mechanic,effect,mill,unsupported_engine_mechanic,NgK,Kristoff's Lute,item,011,133,ycf-1,activated,MOMENT OF INSPIRATION,unsupported_engine_mechanic
unsupported_engine_mechanic,ability,activated,unsupported_engine_mechanic,zMB,Lonely Grave,item,011,132,1cz-1,activated,HAUNTING PRESENCE,unsupported_engine_mechanic
unsupported_cost,cost,banishCharacter,unsupported_cost,zMB,Lonely Grave,item,011,132,1cz-1,activated,HAUNTING PRESENCE,unsupported_engine_mechanic
unsupported_engine_mechanic,effect,put-under,unsupported_engine_mechanic,zMB,Lonely Grave,item,011,132,1cz-1,activated,HAUNTING PRESENCE,unsupported_engine_mechanic
unsupported_engine_mechanic,ability,static,unsupported_engine_mechanic,JXM,The Thunderquack,item,011,202,1ba-1,static,VIGILANTE JUSTICE,unsupported_engine_mechanic
unsupported_engine_mechanic,effect,property-modification,unsupported_engine_mechanic,JXM,The Thunderquack,item,011,202,1ba-1,static,VIGILANTE JUSTICE,unsupported_engine_mechanic
unsupported_targeting,ability,triggered,unsupported_targeting,Rs3,Darkwing Tower - Icy Headquarters,location,011,204,1bz-1,triggered,EVIL VANQUISHED,unsupported_targeting
unsupported_targeting,effect,optional,unsupported_targeting,Rs3,Darkwing Tower - Icy Headquarters,location,011,204,1bz-1,triggered,EVIL VANQUISHED,unsupported_targeting
unsupported_targeting,effect,sequence,unsupported_targeting,Rs3,Darkwing Tower - Icy Headquarters,location,011,204,1bz-1,triggered,EVIL VANQUISHED,unsupported_targeting
unsupported_targeting,effect,ready,unsupported_targeting,Rs3,Darkwing Tower - Icy Headquarters,location,011,204,1bz-1,triggered,EVIL VANQUISHED,unsupported_targeting
unsupported_targeting,target,selector,unsupported_targeting,Rs3,Darkwing Tower - Icy Headquarters,location,011,204,1bz-1,triggered,EVIL VANQUISHED,unsupported_targeting
unsupported_engine_mechanic,ability,triggered,unsupported_engine_mechanic,gta,Graveyard of Christmas Future - Lonely Resting Place,location,011,135,aa3-1,triggered,NEW ARRIVAL,unsupported_engine_mechanic
unsupported_engine_mechanic,effect,put-under,unsupported_engine_mechanic,gta,Graveyard of Christmas Future - Lonely Resting Place,location,011,135,aa3-1,triggered,NEW ARRIVAL,unsupported_engine_mechanic
unsupported_engine_mechanic,ability,triggered,unsupported_engine_mechanic,gta,Graveyard of Christmas Future - Lonely Resting Place,location,011,135,aa3-2,triggered,ANOTHER CHANCE,unsupported_engine_mechanic
unsupported_engine_mechanic,effect,optional,unsupported_engine_mechanic,gta,Graveyard of Christmas Future - Lonely Resting Place,location,011,135,aa3-2,triggered,ANOTHER CHANCE,unsupported_engine_mechanic
unsupported_engine_mechanic,effect,sequence,unsupported_engine_mechanic,gta,Graveyard of Christmas Future - Lonely Resting Place,location,011,135,aa3-2,triggered,ANOTHER CHANCE,unsupported_engine_mechanic
unsupported_engine_mechanic,effect,move-cards-from-under,unsupported_engine_mechanic,gta,Graveyard of Christmas Future - Lonely Resting Place,location,011,135,aa3-2,triggered,ANOTHER CHANCE,unsupported_engine_mechanic
mapped_not_executable,ability,static,mapped_not_executable,Qwc,Scrooge's Counting House - Ebenezer's Office,location,011,134,v62-2,static,,mapped_not_executable
mapped_not_executable,ability,static,mapped_not_executable,Qwc,Scrooge's Counting House - Ebenezer's Office,location,011,134,v62-3,static,,mapped_not_executable
unsupported_targeting,ability,static,unsupported_targeting,Jcm,Bo Peep - Caring Shepherd,character,012,13,Jcm-1,static,SOMEBODY DO SOMETHING!,unsupported_targeting
unsupported_targeting,effect,gain-keyword,unsupported_targeting,Jcm,Bo Peep - Caring Shepherd,character,012,13,Jcm-1,static,SOMEBODY DO SOMETHING!,unsupported_targeting
unsupported_targeting,target,selector,unsupported_targeting,Jcm,Bo Peep - Caring Shepherd,character,012,13,Jcm-1,static,SOMEBODY DO SOMETHING!,unsupported_targeting
unsupported_targeting,ability,triggered,unsupported_targeting,7aI,Daisy Duck - Trendy Traveler,character,012,115,7aI-1,triggered,BREAK IS OVER,unsupported_targeting
unsupported_targeting,effect,optional,unsupported_targeting,7aI,Daisy Duck - Trendy Traveler,character,012,115,7aI-1,triggered,BREAK IS OVER,unsupported_targeting
unsupported_targeting,effect,sequence,unsupported_targeting,7aI,Daisy Duck - Trendy Traveler,character,012,115,7aI-1,triggered,BREAK IS OVER,unsupported_targeting
unsupported_targeting,effect,restriction,unsupported_targeting,7aI,Daisy Duck - Trendy Traveler,character,012,115,7aI-1,triggered,BREAK IS OVER,unsupported_targeting
unsupported_targeting,target,object,unsupported_targeting,7aI,Daisy Duck - Trendy Traveler,character,012,115,7aI-1,triggered,BREAK IS OVER,unsupported_targeting
unsupported_targeting,ability,triggered,unsupported_targeting,AyR,Daisy Duck - Trendy Traveler,character,012,216,7aI-1,triggered,BREAK IS OVER,unsupported_targeting
unsupported_targeting,effect,optional,unsupported_targeting,AyR,Daisy Duck - Trendy Traveler,character,012,216,7aI-1,triggered,BREAK IS OVER,unsupported_targeting
unsupported_targeting,effect,sequence,unsupported_targeting,AyR,Daisy Duck - Trendy Traveler,character,012,216,7aI-1,triggered,BREAK IS OVER,unsupported_targeting
unsupported_targeting,effect,restriction,unsupported_targeting,AyR,Daisy Duck - Trendy Traveler,character,012,216,7aI-1,triggered,BREAK IS OVER,unsupported_targeting
unsupported_targeting,target,object,unsupported_targeting,AyR,Daisy Duck - Trendy Traveler,character,012,216,7aI-1,triggered,BREAK IS OVER,unsupported_targeting
unsupported_engine_mechanic,ability,static,unsupported_engine_mechanic,vS7,Dale - Ready for His Shot,character,012,22,vS7-1,static,SPIKE SUIT,unsupported_engine_mechanic
unsupported_engine_mechanic,effect,damage-source-stat-override,unsupported_engine_mechanic,vS7,Dale - Ready for His Shot,character,012,22,vS7-1,static,SPIKE SUIT,unsupported_engine_mechanic
unsupported_engine_mechanic,ability,static,unsupported_engine_mechanic,mD0,Incrediboy - Buddy Pine,character,012,177,mD0-2,static,SPOILER ALERT,unsupported_engine_mechanic
unsupported_engine_mechanic,effect,property-modification,unsupported_engine_mechanic,mD0,Incrediboy - Buddy Pine,character,012,177,mD0-2,static,SPOILER ALERT,unsupported_engine_mechanic
unsupported_engine_mechanic,ability,static,unsupported_engine_mechanic,Uwr,Incrediboy - Buddy Pine,character,012,221,mD0-2,static,SPOILER ALERT,unsupported_engine_mechanic
unsupported_engine_mechanic,effect,property-modification,unsupported_engine_mechanic,Uwr,Incrediboy - Buddy Pine,character,012,221,mD0-2,static,SPOILER ALERT,unsupported_engine_mechanic
unsupported_condition,ability,activated,unsupported_condition,tct,Luisa Madrigal - Confident Climber,character,012,60,tct-2,activated,I CAN TAKE IT,unsupported_condition
unsupported_condition,effect,sequence,unsupported_condition,tct,Luisa Madrigal - Confident Climber,character,012,60,tct-2,activated,I CAN TAKE IT,unsupported_condition
unsupported_condition,effect,conditional,unsupported_condition,tct,Luisa Madrigal - Confident Climber,character,012,60,tct-2,activated,I CAN TAKE IT,unsupported_condition
unsupported_condition,effect_condition,damage-comparison,unsupported_condition,tct,Luisa Madrigal - Confident Climber,character,012,60,tct-2,activated,I CAN TAKE IT,unsupported_condition
unsupported_condition,ability,activated,unsupported_condition,tQG,Luisa Madrigal - Confident Climber,character,012,227,tct-2,activated,I CAN TAKE IT,unsupported_condition
unsupported_condition,effect,sequence,unsupported_condition,tQG,Luisa Madrigal - Confident Climber,character,012,227,tct-2,activated,I CAN TAKE IT,unsupported_condition
unsupported_condition,effect,conditional,unsupported_condition,tQG,Luisa Madrigal - Confident Climber,character,012,227,tct-2,activated,I CAN TAKE IT,unsupported_condition
unsupported_condition,effect_condition,damage-comparison,unsupported_condition,tQG,Luisa Madrigal - Confident Climber,character,012,227,tct-2,activated,I CAN TAKE IT,unsupported_condition
unsupported_engine_mechanic,ability,triggered,unsupported_engine_mechanic,hMm,Lyle Tiberius Rourke - Crystallized Commander,character,012,103,hMm-2,triggered,Plan's Changed,unsupported_engine_mechanic
unsupported_engine_mechanic,effect,sequence,unsupported_engine_mechanic,hMm,Lyle Tiberius Rourke - Crystallized Commander,character,012,103,hMm-2,triggered,Plan's Changed,unsupported_engine_mechanic
unsupported_engine_mechanic,effect,mill,unsupported_engine_mechanic,hMm,Lyle Tiberius Rourke - Crystallized Commander,character,012,103,hMm-2,triggered,Plan's Changed,unsupported_engine_mechanic
unsupported_engine_mechanic,ability,triggered,unsupported_engine_mechanic,Uz4,Lyle Tiberius Rourke - Crystallized Commander,character,012,214,hMm-2,triggered,Plan's Changed,unsupported_engine_mechanic
unsupported_engine_mechanic,effect,sequence,unsupported_engine_mechanic,Uz4,Lyle Tiberius Rourke - Crystallized Commander,character,012,214,hMm-2,triggered,Plan's Changed,unsupported_engine_mechanic
unsupported_engine_mechanic,effect,mill,unsupported_engine_mechanic,Uz4,Lyle Tiberius Rourke - Crystallized Commander,character,012,214,hMm-2,triggered,Plan's Changed,unsupported_engine_mechanic
unsupported_engine_mechanic,ability,static,unsupported_engine_mechanic,XlE,Pedro Madrigal - Family Patriarch,character,012,5,XlE-1,static,DIFFICULT JOURNEY,unsupported_engine_mechanic
unsupported_engine_mechanic,effect,enters-with-damage,unsupported_engine_mechanic,XlE,Pedro Madrigal - Family Patriarch,character,012,5,XlE-1,static,DIFFICULT JOURNEY,unsupported_engine_mechanic
unsupported_engine_mechanic,ability,triggered,unsupported_engine_mechanic,D1V,Preston Whitmore - Expedition Financier,character,012,110,D1V-1,triggered,PRICE OF PROGRESS,unsupported_engine_mechanic
unsupported_engine_mechanic,effect,optional,unsupported_engine_mechanic,D1V,Preston Whitmore - Expedition Financier,character,012,110,D1V-1,triggered,PRICE OF PROGRESS,unsupported_engine_mechanic
unsupported_engine_mechanic,effect,mill,unsupported_engine_mechanic,D1V,Preston Whitmore - Expedition Financier,character,012,110,D1V-1,triggered,PRICE OF PROGRESS,unsupported_engine_mechanic
unsupported_choice,ability,triggered,unsupported_choice,lRX,Sid Phillips - Toy Surgeon,character,012,126,Esk-1,triggered,PLAYTIME'S OVER,unsupported_choice
unsupported_choice,effect,optional,unsupported_choice,lRX,Sid Phillips - Toy Surgeon,character,012,126,Esk-1,triggered,PLAYTIME'S OVER,unsupported_choice
unsupported_choice,effect,sequence,unsupported_choice,lRX,Sid Phillips - Toy Surgeon,character,012,126,Esk-1,triggered,PLAYTIME'S OVER,unsupported_choice
unsupported_choice,effect,conditional,unsupported_choice,lRX,Sid Phillips - Toy Surgeon,character,012,126,Esk-1,triggered,PLAYTIME'S OVER,unsupported_choice
unsupported_engine_mechanic,ability,static,unsupported_engine_mechanic,PmL,Zeus - Defiant God,character,012,109,PmL-1,static,IMMORTAL WOUND,unsupported_engine_mechanic
unsupported_engine_mechanic,effect,enters-with-damage,unsupported_engine_mechanic,PmL,Zeus - Defiant God,character,012,109,PmL-1,static,IMMORTAL WOUND,unsupported_engine_mechanic
unsupported_engine_mechanic,ability,static,unsupported_engine_mechanic,6F2,Escape Plan,action,012,164,ability,static,,unsupported_engine_mechanic
unsupported_engine_mechanic,effect,self-play-condition,unsupported_engine_mechanic,6F2,Escape Plan,action,012,164,ability,static,,unsupported_engine_mechanic
unsupported_choice,ability,action,unsupported_choice,6F2,Escape Plan,action,012,164,1,action,,unsupported_choice
unsupported_choice,effect,sequence,unsupported_choice,6F2,Escape Plan,action,012,164,1,action,,unsupported_choice
unsupported_choice,effect,for-each-opponent,unsupported_choice,6F2,Escape Plan,action,012,164,1,action,,unsupported_choice
unsupported_choice,ability,action,unsupported_choice,idk,The Family Scattered,action,012,97,ability,action,,unsupported_choice
unsupported_choice,effect,sequence,unsupported_choice,idk,The Family Scattered,action,012,97,ability,action,,unsupported_choice
unsupported_choice,ability,action,unsupported_choice,SaO,The Family Scattered,action,012,231,ability,action,,unsupported_choice
unsupported_choice,effect,sequence,unsupported_choice,SaO,The Family Scattered,action,012,231,ability,action,,unsupported_choice
unsupported_targeting,ability,triggered,unsupported_targeting,m5E,Safety Rope,item,012,33,m5E-2,triggered,PACK IT UP,unsupported_targeting
unsupported_targeting,effect,optional,unsupported_targeting,m5E,Safety Rope,item,012,33,m5E-2,triggered,PACK IT UP,unsupported_targeting
unsupported_targeting,effect,sequence,unsupported_targeting,m5E,Safety Rope,item,012,33,m5E-2,triggered,PACK IT UP,unsupported_targeting
unsupported_targeting,effect,banish,unsupported_targeting,m5E,Safety Rope,item,012,33,m5E-2,triggered,PACK IT UP,unsupported_targeting
unsupported_targeting,target,alias,unsupported_targeting,m5E,Safety Rope,item,012,33,m5E-2,triggered,PACK IT UP,unsupported_targeting
unsupported_targeting,ability,triggered,unsupported_targeting,SQl,Syndrome's Remote,item,012,201,SQl-2,triggered,Learn From Their Losses,unsupported_targeting
unsupported_targeting,effect,optional,unsupported_targeting,SQl,Syndrome's Remote,item,012,201,SQl-2,triggered,Learn From Their Losses,unsupported_targeting
unsupported_targeting,effect,sequence,unsupported_targeting,SQl,Syndrome's Remote,item,012,201,SQl-2,triggered,Learn From Their Losses,unsupported_targeting
unsupported_targeting,effect,banish,unsupported_targeting,SQl,Syndrome's Remote,item,012,201,SQl-2,triggered,Learn From Their Losses,unsupported_targeting
unsupported_targeting,target,alias,unsupported_targeting,SQl,Syndrome's Remote,item,012,201,SQl-2,triggered,Learn From Their Losses,unsupported_targeting
unsupported_cost,ability,activated,unsupported_cost,7z5,The Claw,item,012,99,7z5-1,activated,THE CLAW CHOOSES,unsupported_cost
unsupported_cost,cost,banishCharacter,unsupported_cost,7z5,The Claw,item,012,99,7z5-1,activated,THE CLAW CHOOSES,unsupported_cost
unsupported_targeting,ability,static,unsupported_targeting,iCW,Andy's Room - Home Base,location,012,34,iCW-1,static,ANDY'S FAVORITE,unsupported_targeting
unsupported_targeting,effect,modify-stat,unsupported_targeting,iCW,Andy's Room - Home Base,location,012,34,iCW-1,static,ANDY'S FAVORITE,unsupported_targeting
unsupported_targeting,target,selector,unsupported_targeting,iCW,Andy's Room - Home Base,location,012,34,iCW-1,static,ANDY'S FAVORITE,unsupported_targeting
unsupported_targeting,ability,static,unsupported_targeting,iCW,Andy's Room - Home Base,location,012,34,iCW-2,static,ANDY'S FAVORITE,unsupported_targeting
unsupported_targeting,effect,modify-stat,unsupported_targeting,iCW,Andy's Room - Home Base,location,012,34,iCW-2,static,ANDY'S FAVORITE,unsupported_targeting
unsupported_targeting,target,selector,unsupported_targeting,iCW,Andy's Room - Home Base,location,012,34,iCW-2,static,ANDY'S FAVORITE,unsupported_targeting
unsupported_targeting,ability,triggered,unsupported_targeting,xbQ,Casa Madrigal - Courtyard,location,012,170,xbQ-1,triggered,Healing Home,unsupported_targeting
unsupported_targeting,effect,sequence,unsupported_targeting,xbQ,Casa Madrigal - Courtyard,location,012,170,xbQ-1,triggered,Healing Home,unsupported_targeting
unsupported_targeting,effect,optional,unsupported_targeting,xbQ,Casa Madrigal - Courtyard,location,012,170,xbQ-1,triggered,Healing Home,unsupported_targeting
unsupported_targeting,effect,remove-damage,unsupported_targeting,xbQ,Casa Madrigal - Courtyard,location,012,170,xbQ-1,triggered,Healing Home,unsupported_targeting
unsupported_targeting,target,selector,unsupported_targeting,xbQ,Casa Madrigal - Courtyard,location,012,170,xbQ-1,triggered,Healing Home,unsupported_targeting
unsupported_targeting,effect,optional,unsupported_targeting,xbQ,Casa Madrigal - Courtyard,location,012,170,xbQ-1,triggered,Healing Home,unsupported_targeting
unsupported_targeting,effect,remove-damage,unsupported_targeting,xbQ,Casa Madrigal - Courtyard,location,012,170,xbQ-1,triggered,Healing Home,unsupported_targeting
unsupported_targeting,target,selector,unsupported_targeting,xbQ,Casa Madrigal - Courtyard,location,012,170,xbQ-1,triggered,Healing Home,unsupported_targeting
unsupported_choice,ability,triggered,unsupported_choice,MTW,Leviathan's Lair - Dangerous Ground,location,012,136,MTW-1,triggered,LOST TO THE DUNES,unsupported_choice
unsupported_choice,effect,for-each-opponent,unsupported_choice,MTW,Leviathan's Lair - Dangerous Ground,location,012,136,MTW-1,triggered,LOST TO THE DUNES,unsupported_choice
unsupported_engine_mechanic,ability,static,unsupported_engine_mechanic,59B,Pizza Planet - Spaceport,location,012,102,AzD-1,static,YOU ARE CLEARED TO ENTER,unsupported_engine_mechanic
unsupported_engine_mechanic,effect,move-cost-reduction,unsupported_engine_mechanic,59B,Pizza Planet - Spaceport,location,012,102,AzD-1,static,YOU ARE CLEARED TO ENTER,unsupported_engine_mechanic
unsupported_engine_mechanic,ability,triggered,unsupported_engine_mechanic,JRM,Remote Inklands - Desert Ruins,location,012,135,y22-1,triggered,ERODING WINDS,unsupported_engine_mechanic
unsupported_engine_mechanic,effect,mill,unsupported_engine_mechanic,JRM,Remote Inklands - Desert Ruins,location,012,135,y22-1,triggered,ERODING WINDS,unsupported_engine_mechanic
unsupported_engine_mechanic,ability,static,unsupported_engine_mechanic,EaV,Ring of Stones - Place of Legends,location,012,68,EaV-1,static,FOLLOW YOUR FATE,unsupported_engine_mechanic
unsupported_engine_mechanic,effect,move-cost-reduction,unsupported_engine_mechanic,EaV,Ring of Stones - Place of Legends,location,012,68,EaV-1,static,FOLLOW YOUR FATE,unsupported_engine_mechanic
unsupported_targeting,ability,static,unsupported_targeting,mXi,The Island of Nomanisan - Syndrome's Headquarters,location,012,204,mXi-1,static,RESEARCH & DEVELOPMENT,unsupported_targeting
unsupported_targeting,effect,modify-stat,unsupported_targeting,mXi,The Island of Nomanisan - Syndrome's Headquarters,location,012,204,mXi-1,static,RESEARCH & DEVELOPMENT,unsupported_targeting
unsupported_targeting,target,selector,unsupported_targeting,mXi,The Island of Nomanisan - Syndrome's Headquarters,location,012,204,mXi-1,static,RESEARCH & DEVELOPMENT,unsupported_targeting
unsupported_targeting,ability,static,unsupported_targeting,mXi,The Island of Nomanisan - Syndrome's Headquarters,location,012,204,mXi-2,static,RESEARCH & DEVELOPMENT,unsupported_targeting
unsupported_targeting,effect,modify-stat,unsupported_targeting,mXi,The Island of Nomanisan - Syndrome's Headquarters,location,012,204,mXi-2,static,RESEARCH & DEVELOPMENT,unsupported_targeting
unsupported_targeting,target,selector,unsupported_targeting,mXi,The Island of Nomanisan - Syndrome's Headquarters,location,012,204,mXi-2,static,RESEARCH & DEVELOPMENT,unsupported_targeting
